DATAFLOW,LAST UPDATE,freq,sex,age,unit,isced11,geo,TIME_PERIOD,OBS_VALUE,OBS_FLAG,CONF_STATUS
ESTAT:EDAT_LFSE_03(1.0),12/06/25 23:00:00,Annual,Females,From 25 to 64 years,Percentage,Tertiary education (levels 5-8),Austria,2014,28.6,b,
ESTAT:EDAT_LFSE_03(1.0),12/06/25 23:00:00,Annual,Females,From 25 to 64 years,Percentage,Tertiary education (levels 5-8),Austria,2015,29.1,,
ESTAT:EDAT_LFSE_03(1.0),12/06/25 23:00:00,Annual,Females,From 25 to 64 years,Percentage,Tertiary education (levels 5-8),Austria,2016,30.6,,
ESTAT:EDAT_LFSE_03(1.0),12/06/25 23:00:00,Annual,Females,From 25 to 64 years,Percentage,Tertiary education (levels 5-8),Austria,2017,31.9,,
ESTAT:EDAT_LFSE_03(1.0),12/06/25 23:00:00,Annual,Females,From 25 to 64 years,Percentage,Tertiary education (levels 5-8),Austria,2018,31.8,,
ESTAT:EDAT_LFSE_03(1.0),12/06/25 23:00:00,Annual,Females,From 25 to 64 years,Percentage,Tertiary education (levels 5-8),Austria,2019,33.4,,
ESTAT:EDAT_LFSE_03(1.0),12/06/25 23:00:00,Annual,Females,From 25 to 64 years,Percentage,Tertiary education (levels 5-8),Austria,2020,34.0,,
ESTAT:EDAT_LFSE_03(1.0),12/06/25 23:00:00,Annual,Females,From 25 to 64 years,Percentage,Tertiary education (levels 5-8),Austria,2021,34.7,b,
ESTAT:EDAT_LFSE_03(1.0),12/06/25 23:00:00,Annual,Females,From 25 to 64 years,Percentage,Tertiary education (levels 5-8),Austria,2022,35.4,,
ESTAT:EDAT_LFSE_03(1.0),12/06/25 23:00:00,Annual,Females,From 25 to 64 years,Percentage,Tertiary education (levels 5-8),Austria,2023,36.9,,
ESTAT:EDAT_LFSE_03(1.0),12/06/25 23:00:00,Annual,Females,From 25 to 64 years,Percentage,Tertiary education (levels 5-8),Bosnia and Herzegovina,2014,,,
ESTAT:EDAT_LFSE_03(1.0),12/06/25 23:00:00,Annual,Females,From 25 to 64 years,Percentage,Tertiary education (levels 5-8),Bosnia and Herzegovina,2015,,,
ESTAT:EDAT_LFSE_03(1.0),12/06/25 23:00:00,Annual,Females,From 25 to 64 years,Percentage,Tertiary education (levels 5-8),Bosnia and Herzegovina,2016,,,
ESTAT:EDAT_LFSE_03(1.0),12/06/25 23:00:00,Annual,Females,From 25 to 64 years,Percentage,Tertiary education (levels 5-8),Bosnia and Herzegovina,2017,,,
ESTAT:EDAT_LFSE_03(1.0),12/06/25 23:00:00,Annual,Females,From 25 to 64 years,Percentage,Tertiary education (levels 5-8),Bosnia and Herzegovina,2018,,,
ESTAT:EDAT_LFSE_03(1.0),12/06/25 23:00:00,Annual,Females,From 25 to 64 years,Percentage,Tertiary education (levels 5-8),Bosnia and Herzegovina,2019,,,
ESTAT:EDAT_LFSE_03(1.0),12/06/25 23:00:00,Annual,Females,From 25 to 64 years,Percentage,Tertiary education (levels 5-8),Bosnia and Herzegovina,2020,,,
ESTAT:EDAT_LFSE_03(1.0),12/06/25 23:00:00,Annual,Females,From 25 to 64 years,Percentage,Tertiary education (levels 5-8),Bosnia and Herzegovina,2021,17.4,,
ESTAT:EDAT_LFSE_03(1.0),12/06/25 23:00:00,Annual,Females,From 25 to 64 years,Percentage,Tertiary education (levels 5-8),Bosnia and Herzegovina,2022,18.0,,
ESTAT:EDAT_LFSE_03(1.0),12/06/25 23:00:00,Annual,Females,From 25 to 64 years,Percentage,Tertiary education (levels 5-8),Bosnia and Herzegovina,2023,18.6,,
ESTAT:EDAT_LFSE_03(1.0),12/06/25 23:00:00,Annual,Females,From 25 to 64 years,Percentage,Tertiary education (levels 5-8),Belgium,2014,39.9,b,
ESTAT:EDAT_LFSE_03(1.0),12/06/25 23:00:00,Annual,Females,From 25 to 64 years,Percentage,Tertiary education (levels 5-8),Belgium,2015,40.1,,
ESTAT:EDAT_LFSE_03(1.0),12/06/25 23:00:00,Annual,Females,From 25 to 64 years,Percentage,Tertiary education (levels 5-8),Belgium,2016,40.8,,
ESTAT:EDAT_LFSE_03(1.0),12/06/25 23:00:00,Annual,Females,From 25 to 64 years,Percentage,Tertiary education (levels 5-8),Belgium,2017,43.7,b,
ESTAT:EDAT_LFSE_03(1.0),12/06/25 23:00:00,Annual,Females,From 25 to 64 years,Percentage,Tertiary education (levels 5-8),Belgium,2018,44.3,,
ESTAT:EDAT_LFSE_03(1.0),12/06/25 23:00:00,Annual,Females,From 25 to 64 years,Percentage,Tertiary education (levels 5-8),Belgium,2019,44.8,,
ESTAT:EDAT_LFSE_03(1.0),12/06/25 23:00:00,Annual,Females,From 25 to 64 years,Percentage,Tertiary education (levels 5-8),Belgium,2020,47.0,,
ESTAT:EDAT_LFSE_03(1.0),12/06/25 23:00:00,Annual,Females,From 25 to 64 years,Percentage,Tertiary education (levels 5-8),Belgium,2021,49.4,b,
ESTAT:EDAT_LFSE_03(1.0),12/06/25 23:00:00,Annual,Females,From 25 to 64 years,Percentage,Tertiary education (levels 5-8),Belgium,2022,50.2,,
ESTAT:EDAT_LFSE_03(1.0),12/06/25 23:00:00,Annual,Females,From 25 to 64 years,Percentage,Tertiary education (levels 5-8),Belgium,2023,49.4,,
ESTAT:EDAT_LFSE_03(1.0),12/06/25 23:00:00,Annual,Females,From 25 to 64 years,Percentage,Tertiary education (levels 5-8),Bulgaria,2014,33.0,b,
ESTAT:EDAT_LFSE_03(1.0),12/06/25 23:00:00,Annual,Females,From 25 to 64 years,Percentage,Tertiary education (levels 5-8),Bulgaria,2015,33.6,,
ESTAT:EDAT_LFSE_03(1.0),12/06/25 23:00:00,Annual,Females,From 25 to 64 years,Percentage,Tertiary education (levels 5-8),Bulgaria,2016,33.8,,
ESTAT:EDAT_LFSE_03(1.0),12/06/25 23:00:00,Annual,Females,From 25 to 64 years,Percentage,Tertiary education (levels 5-8),Bulgaria,2017,33.9,,
ESTAT:EDAT_LFSE_03(1.0),12/06/25 23:00:00,Annual,Females,From 25 to 64 years,Percentage,Tertiary education (levels 5-8),Bulgaria,2018,34.2,,
ESTAT:EDAT_LFSE_03(1.0),12/06/25 23:00:00,Annual,Females,From 25 to 64 years,Percentage,Tertiary education (levels 5-8),Bulgaria,2019,33.8,b,
ESTAT:EDAT_LFSE_03(1.0),12/06/25 23:00:00,Annual,Females,From 25 to 64 years,Percentage,Tertiary education (levels 5-8),Bulgaria,2020,35.0,,
ESTAT:EDAT_LFSE_03(1.0),12/06/25 23:00:00,Annual,Females,From 25 to 64 years,Percentage,Tertiary education (levels 5-8),Bulgaria,2021,35.5,b,
ESTAT:EDAT_LFSE_03(1.0),12/06/25 23:00:00,Annual,Females,From 25 to 64 years,Percentage,Tertiary education (levels 5-8),Bulgaria,2022,36.0,,
ESTAT:EDAT_LFSE_03(1.0),12/06/25 23:00:00,Annual,Females,From 25 to 64 years,Percentage,Tertiary education (levels 5-8),Bulgaria,2023,36.7,,
ESTAT:EDAT_LFSE_03(1.0),12/06/25 23:00:00,Annual,Females,From 25 to 64 years,Percentage,Tertiary education (levels 5-8),Switzerland,2014,33.2,b,
ESTAT:EDAT_LFSE_03(1.0),12/06/25 23:00:00,Annual,Females,From 25 to 64 years,Percentage,Tertiary education (levels 5-8),Switzerland,2015,35.3,,
ESTAT:EDAT_LFSE_03(1.0),12/06/25 23:00:00,Annual,Females,From 25 to 64 years,Percentage,Tertiary education (levels 5-8),Switzerland,2016,36.5,,
ESTAT:EDAT_LFSE_03(1.0),12/06/25 23:00:00,Annual,Females,From 25 to 64 years,Percentage,Tertiary education (levels 5-8),Switzerland,2017,37.9,,
ESTAT:EDAT_LFSE_03(1.0),12/06/25 23:00:00,Annual,Females,From 25 to 64 years,Percentage,Tertiary education (levels 5-8),Switzerland,2018,39.7,,
ESTAT:EDAT_LFSE_03(1.0),12/06/25 23:00:00,Annual,Females,From 25 to 64 years,Percentage,Tertiary education (levels 5-8),Switzerland,2019,40.7,,
ESTAT:EDAT_LFSE_03(1.0),12/06/25 23:00:00,Annual,Females,From 25 to 64 years,Percentage,Tertiary education (levels 5-8),Switzerland,2020,42.2,,
ESTAT:EDAT_LFSE_03(1.0),12/06/25 23:00:00,Annual,Females,From 25 to 64 years,Percentage,Tertiary education (levels 5-8),Switzerland,2021,42.1,b,
ESTAT:EDAT_LFSE_03(1.0),12/06/25 23:00:00,Annual,Females,From 25 to 64 years,Percentage,Tertiary education (levels 5-8),Switzerland,2022,41.8,,
ESTAT:EDAT_LFSE_03(1.0),12/06/25 23:00:00,Annual,Females,From 25 to 64 years,Percentage,Tertiary education (levels 5-8),Switzerland,2023,43.6,,
ESTAT:EDAT_LFSE_03(1.0),12/06/25 23:00:00,Annual,Females,From 25 to 64 years,Percentage,Tertiary education (levels 5-8),Cyprus,2014,43.0,b,
ESTAT:EDAT_LFSE_03(1.0),12/06/25 23:00:00,Annual,Females,From 25 to 64 years,Percentage,Tertiary education (levels 5-8),Cyprus,2015,43.4,,
ESTAT:EDAT_LFSE_03(1.0),12/06/25 23:00:00,Annual,Females,From 25 to 64 years,Percentage,Tertiary education (levels 5-8),Cyprus,2016,45.7,,
ESTAT:EDAT_LFSE_03(1.0),12/06/25 23:00:00,Annual,Females,From 25 to 64 years,Percentage,Tertiary education (levels 5-8),Cyprus,2017,46.3,,
ESTAT:EDAT_LFSE_03(1.0),12/06/25 23:00:00,Annual,Females,From 25 to 64 years,Percentage,Tertiary education (levels 5-8),Cyprus,2018,48.4,,
ESTAT:EDAT_LFSE_03(1.0),12/06/25 23:00:00,Annual,Females,From 25 to 64 years,Percentage,Tertiary education (levels 5-8),Cyprus,2019,49.3,,
ESTAT:EDAT_LFSE_03(1.0),12/06/25 23:00:00,Annual,Females,From 25 to 64 years,Percentage,Tertiary education (levels 5-8),Cyprus,2020,49.1,,
ESTAT:EDAT_LFSE_03(1.0),12/06/25 23:00:00,Annual,Females,From 25 to 64 years,Percentage,Tertiary education (levels 5-8),Cyprus,2021,50.8,b,
ESTAT:EDAT_LFSE_03(1.0),12/06/25 23:00:00,Annual,Females,From 25 to 64 years,Percentage,Tertiary education (levels 5-8),Cyprus,2022,51.6,,
ESTAT:EDAT_LFSE_03(1.0),12/06/25 23:00:00,Annual,Females,From 25 to 64 years,Percentage,Tertiary education (levels 5-8),Cyprus,2023,54.2,,
ESTAT:EDAT_LFSE_03(1.0),12/06/25 23:00:00,Annual,Females,From 25 to 64 years,Percentage,Tertiary education (levels 5-8),Czechia,2014,22.4,b,
ESTAT:EDAT_LFSE_03(1.0),12/06/25 23:00:00,Annual,Females,From 25 to 64 years,Percentage,Tertiary education (levels 5-8),Czechia,2015,23.4,,
ESTAT:EDAT_LFSE_03(1.0),12/06/25 23:00:00,Annual,Females,From 25 to 64 years,Percentage,Tertiary education (levels 5-8),Czechia,2016,24.1,,
ESTAT:EDAT_LFSE_03(1.0),12/06/25 23:00:00,Annual,Females,From 25 to 64 years,Percentage,Tertiary education (levels 5-8),Czechia,2017,25.5,,
ESTAT:EDAT_LFSE_03(1.0),12/06/25 23:00:00,Annual,Females,From 25 to 64 years,Percentage,Tertiary education (levels 5-8),Czechia,2018,26.1,,
ESTAT:EDAT_LFSE_03(1.0),12/06/25 23:00:00,Annual,Females,From 25 to 64 years,Percentage,Tertiary education (levels 5-8),Czechia,2019,26.1,,
ESTAT:EDAT_LFSE_03(1.0),12/06/25 23:00:00,Annual,Females,From 25 to 64 years,Percentage,Tertiary education (levels 5-8),Czechia,2020,27.3,,
ESTAT:EDAT_LFSE_03(1.0),12/06/25 23:00:00,Annual,Females,From 25 to 64 years,Percentage,Tertiary education (levels 5-8),Czechia,2021,29.4,b,
ESTAT:EDAT_LFSE_03(1.0),12/06/25 23:00:00,Annual,Females,From 25 to 64 years,Percentage,Tertiary education (levels 5-8),Czechia,2022,29.8,,
ESTAT:EDAT_LFSE_03(1.0),12/06/25 23:00:00,Annual,Females,From 25 to 64 years,Percentage,Tertiary education (levels 5-8),Czechia,2023,30.8,,
ESTAT:EDAT_LFSE_03(1.0),12/06/25 23:00:00,Annual,Females,From 25 to 64 years,Percentage,Tertiary education (levels 5-8),Germany,2014,23.7,b,
ESTAT:EDAT_LFSE_03(1.0),12/06/25 23:00:00,Annual,Females,From 25 to 64 years,Percentage,Tertiary education (levels 5-8),Germany,2015,24.4,,
ESTAT:EDAT_LFSE_03(1.0),12/06/25 23:00:00,Annual,Females,From 25 to 64 years,Percentage,Tertiary education (levels 5-8),Germany,2016,25.2,,
ESTAT:EDAT_LFSE_03(1.0),12/06/25 23:00:00,Annual,Females,From 25 to 64 years,Percentage,Tertiary education (levels 5-8),Germany,2017,25.7,,
ESTAT:EDAT_LFSE_03(1.0),12/06/25 23:00:00,Annual,Females,From 25 to 64 years,Percentage,Tertiary education (levels 5-8),Germany,2018,26.4,,
ESTAT:EDAT_LFSE_03(1.0),12/06/25 23:00:00,Annual,Females,From 25 to 64 years,Percentage,Tertiary education (levels 5-8),Germany,2019,27.3,,
ESTAT:EDAT_LFSE_03(1.0),12/06/25 23:00:00,Annual,Females,From 25 to 64 years,Percentage,Tertiary education (levels 5-8),Germany,2020,28.9,b,
ESTAT:EDAT_LFSE_03(1.0),12/06/25 23:00:00,Annual,Females,From 25 to 64 years,Percentage,Tertiary education (levels 5-8),Germany,2021,29.8,b,
ESTAT:EDAT_LFSE_03(1.0),12/06/25 23:00:00,Annual,Females,From 25 to 64 years,Percentage,Tertiary education (levels 5-8),Germany,2022,30.1,,
ESTAT:EDAT_LFSE_03(1.0),12/06/25 23:00:00,Annual,Females,From 25 to 64 years,Percentage,Tertiary education (levels 5-8),Germany,2023,31.2,,
ESTAT:EDAT_LFSE_03(1.0),12/06/25 23:00:00,Annual,Females,From 25 to 64 years,Percentage,Tertiary education (levels 5-8),Denmark,2014,40.5,b,
ESTAT:EDAT_LFSE_03(1.0),12/06/25 23:00:00,Annual,Females,From 25 to 64 years,Percentage,Tertiary education (levels 5-8),Denmark,2015,42.0,,
ESTAT:EDAT_LFSE_03(1.0),12/06/25 23:00:00,Annual,Females,From 25 to 64 years,Percentage,Tertiary education (levels 5-8),Denmark,2016,42.5,b,
ESTAT:EDAT_LFSE_03(1.0),12/06/25 23:00:00,Annual,Females,From 25 to 64 years,Percentage,Tertiary education (levels 5-8),Denmark,2017,44.3,b,
ESTAT:EDAT_LFSE_03(1.0),12/06/25 23:00:00,Annual,Females,From 25 to 64 years,Percentage,Tertiary education (levels 5-8),Denmark,2018,45.2,,
ESTAT:EDAT_LFSE_03(1.0),12/06/25 23:00:00,Annual,Females,From 25 to 64 years,Percentage,Tertiary education (levels 5-8),Denmark,2019,45.9,,
ESTAT:EDAT_LFSE_03(1.0),12/06/25 23:00:00,Annual,Females,From 25 to 64 years,Percentage,Tertiary education (levels 5-8),Denmark,2020,45.8,,
ESTAT:EDAT_LFSE_03(1.0),12/06/25 23:00:00,Annual,Females,From 25 to 64 years,Percentage,Tertiary education (levels 5-8),Denmark,2021,47.9,b,
ESTAT:EDAT_LFSE_03(1.0),12/06/25 23:00:00,Annual,Females,From 25 to 64 years,Percentage,Tertiary education (levels 5-8),Denmark,2022,49.0,,
ESTAT:EDAT_LFSE_03(1.0),12/06/25 23:00:00,Annual,Females,From 25 to 64 years,Percentage,Tertiary education (levels 5-8),Denmark,2023,49.4,,
ESTAT:EDAT_LFSE_03(1.0),12/06/25 23:00:00,Annual,Females,From 25 to 64 years,Percentage,Tertiary education (levels 5-8),Euro area – 20 countries (from 2023),2014,29.3,b,
ESTAT:EDAT_LFSE_03(1.0),12/06/25 23:00:00,Annual,Females,From 25 to 64 years,Percentage,Tertiary education (levels 5-8),Euro area – 20 countries (from 2023),2015,30.3,,
ESTAT:EDAT_LFSE_03(1.0),12/06/25 23:00:00,Annual,Females,From 25 to 64 years,Percentage,Tertiary education (levels 5-8),Euro area – 20 countries (from 2023),2016,31.0,,
ESTAT:EDAT_LFSE_03(1.0),12/06/25 23:00:00,Annual,Females,From 25 to 64 years,Percentage,Tertiary education (levels 5-8),Euro area – 20 countries (from 2023),2017,31.9,,
ESTAT:EDAT_LFSE_03(1.0),12/06/25 23:00:00,Annual,Females,From 25 to 64 years,Percentage,Tertiary education (levels 5-8),Euro area – 20 countries (from 2023),2018,32.9,,
ESTAT:EDAT_LFSE_03(1.0),12/06/25 23:00:00,Annual,Females,From 25 to 64 years,Percentage,Tertiary education (levels 5-8),Euro area – 20 countries (from 2023),2019,33.9,,
ESTAT:EDAT_LFSE_03(1.0),12/06/25 23:00:00,Annual,Females,From 25 to 64 years,Percentage,Tertiary education (levels 5-8),Euro area – 20 countries (from 2023),2020,35.4,,
ESTAT:EDAT_LFSE_03(1.0),12/06/25 23:00:00,Annual,Females,From 25 to 64 years,Percentage,Tertiary education (levels 5-8),Euro area – 20 countries (from 2023),2021,36.3,b,
ESTAT:EDAT_LFSE_03(1.0),12/06/25 23:00:00,Annual,Females,From 25 to 64 years,Percentage,Tertiary education (levels 5-8),Euro area – 20 countries (from 2023),2022,37.1,,
ESTAT:EDAT_LFSE_03(1.0),12/06/25 23:00:00,Annual,Females,From 25 to 64 years,Percentage,Tertiary education (levels 5-8),Euro area – 20 countries (from 2023),2023,37.8,,
ESTAT:EDAT_LFSE_03(1.0),12/06/25 23:00:00,Annual,Females,From 25 to 64 years,Percentage,Tertiary education (levels 5-8),Estonia,2014,46.2,b,
ESTAT:EDAT_LFSE_03(1.0),12/06/25 23:00:00,Annual,Females,From 25 to 64 years,Percentage,Tertiary education (levels 5-8),Estonia,2015,46.0,,
ESTAT:EDAT_LFSE_03(1.0),12/06/25 23:00:00,Annual,Females,From 25 to 64 years,Percentage,Tertiary education (levels 5-8),Estonia,2016,47.1,,
ESTAT:EDAT_LFSE_03(1.0),12/06/25 23:00:00,Annual,Females,From 25 to 64 years,Percentage,Tertiary education (levels 5-8),Estonia,2017,48.2,,
ESTAT:EDAT_LFSE_03(1.0),12/06/25 23:00:00,Annual,Females,From 25 to 64 years,Percentage,Tertiary education (levels 5-8),Estonia,2018,49.2,,
ESTAT:EDAT_LFSE_03(1.0),12/06/25 23:00:00,Annual,Females,From 25 to 64 years,Percentage,Tertiary education (levels 5-8),Estonia,2019,49.7,,
ESTAT:EDAT_LFSE_03(1.0),12/06/25 23:00:00,Annual,Females,From 25 to 64 years,Percentage,Tertiary education (levels 5-8),Estonia,2020,50.3,,
ESTAT:EDAT_LFSE_03(1.0),12/06/25 23:00:00,Annual,Females,From 25 to 64 years,Percentage,Tertiary education (levels 5-8),Estonia,2021,52.0,b,
ESTAT:EDAT_LFSE_03(1.0),12/06/25 23:00:00,Annual,Females,From 25 to 64 years,Percentage,Tertiary education (levels 5-8),Estonia,2022,53.5,,
ESTAT:EDAT_LFSE_03(1.0),12/06/25 23:00:00,Annual,Females,From 25 to 64 years,Percentage,Tertiary education (levels 5-8),Estonia,2023,52.8,,
ESTAT:EDAT_LFSE_03(1.0),12/06/25 23:00:00,Annual,Females,From 25 to 64 years,Percentage,Tertiary education (levels 5-8),Greece,2014,28.5,b,
ESTAT:EDAT_LFSE_03(1.0),12/06/25 23:00:00,Annual,Females,From 25 to 64 years,Percentage,Tertiary education (levels 5-8),Greece,2015,30.1,,
ESTAT:EDAT_LFSE_03(1.0),12/06/25 23:00:00,Annual,Females,From 25 to 64 years,Percentage,Tertiary education (levels 5-8),Greece,2016,31.9,,
ESTAT:EDAT_LFSE_03(1.0),12/06/25 23:00:00,Annual,Females,From 25 to 64 years,Percentage,Tertiary education (levels 5-8),Greece,2017,32.7,,
ESTAT:EDAT_LFSE_03(1.0),12/06/25 23:00:00,Annual,Females,From 25 to 64 years,Percentage,Tertiary education (levels 5-8),Greece,2018,33.1,,
ESTAT:EDAT_LFSE_03(1.0),12/06/25 23:00:00,Annual,Females,From 25 to 64 years,Percentage,Tertiary education (levels 5-8),Greece,2019,33.6,,
ESTAT:EDAT_LFSE_03(1.0),12/06/25 23:00:00,Annual,Females,From 25 to 64 years,Percentage,Tertiary education (levels 5-8),Greece,2020,34.5,,
ESTAT:EDAT_LFSE_03(1.0),12/06/25 23:00:00,Annual,Females,From 25 to 64 years,Percentage,Tertiary education (levels 5-8),Greece,2021,36.1,b,
ESTAT:EDAT_LFSE_03(1.0),12/06/25 23:00:00,Annual,Females,From 25 to 64 years,Percentage,Tertiary education (levels 5-8),Greece,2022,37.1,,
ESTAT:EDAT_LFSE_03(1.0),12/06/25 23:00:00,Annual,Females,From 25 to 64 years,Percentage,Tertiary education (levels 5-8),Greece,2023,36.7,,
ESTAT:EDAT_LFSE_03(1.0),12/06/25 23:00:00,Annual,Females,From 25 to 64 years,Percentage,Tertiary education (levels 5-8),Spain,2014,36.5,b,
ESTAT:EDAT_LFSE_03(1.0),12/06/25 23:00:00,Annual,Females,From 25 to 64 years,Percentage,Tertiary education (levels 5-8),Spain,2015,37.5,,
ESTAT:EDAT_LFSE_03(1.0),12/06/25 23:00:00,Annual,Females,From 25 to 64 years,Percentage,Tertiary education (levels 5-8),Spain,2016,38.4,,
ESTAT:EDAT_LFSE_03(1.0),12/06/25 23:00:00,Annual,Females,From 25 to 64 years,Percentage,Tertiary education (levels 5-8),Spain,2017,38.9,,
ESTAT:EDAT_LFSE_03(1.0),12/06/25 23:00:00,Annual,Females,From 25 to 64 years,Percentage,Tertiary education (levels 5-8),Spain,2018,39.8,,
ESTAT:EDAT_LFSE_03(1.0),12/06/25 23:00:00,Annual,Females,From 25 to 64 years,Percentage,Tertiary education (levels 5-8),Spain,2019,41.3,,
ESTAT:EDAT_LFSE_03(1.0),12/06/25 23:00:00,Annual,Females,From 25 to 64 years,Percentage,Tertiary education (levels 5-8),Spain,2020,42.7,,
ESTAT:EDAT_LFSE_03(1.0),12/06/25 23:00:00,Annual,Females,From 25 to 64 years,Percentage,Tertiary education (levels 5-8),Spain,2021,43.6,b,
ESTAT:EDAT_LFSE_03(1.0),12/06/25 23:00:00,Annual,Females,From 25 to 64 years,Percentage,Tertiary education (levels 5-8),Spain,2022,44.3,,
ESTAT:EDAT_LFSE_03(1.0),12/06/25 23:00:00,Annual,Females,From 25 to 64 years,Percentage,Tertiary education (levels 5-8),Spain,2023,45.0,,
ESTAT:EDAT_LFSE_03(1.0),12/06/25 23:00:00,Annual,Females,From 25 to 64 years,Percentage,Tertiary education (levels 5-8),European Union - 27 countries (from 2020),2014,29.1,b,
ESTAT:EDAT_LFSE_03(1.0),12/06/25 23:00:00,Annual,Females,From 25 to 64 years,Percentage,Tertiary education (levels 5-8),European Union - 27 countries (from 2020),2015,30.2,,
ESTAT:EDAT_LFSE_03(1.0),12/06/25 23:00:00,Annual,Females,From 25 to 64 years,Percentage,Tertiary education (levels 5-8),European Union - 27 countries (from 2020),2016,30.9,,
ESTAT:EDAT_LFSE_03(1.0),12/06/25 23:00:00,Annual,Females,From 25 to 64 years,Percentage,Tertiary education (levels 5-8),European Union - 27 countries (from 2020),2017,31.8,,
ESTAT:EDAT_LFSE_03(1.0),12/06/25 23:00:00,Annual,Females,From 25 to 64 years,Percentage,Tertiary education (levels 5-8),European Union - 27 countries (from 2020),2018,32.9,,
ESTAT:EDAT_LFSE_03(1.0),12/06/25 23:00:00,Annual,Females,From 25 to 64 years,Percentage,Tertiary education (levels 5-8),European Union - 27 countries (from 2020),2019,33.9,,
ESTAT:EDAT_LFSE_03(1.0),12/06/25 23:00:00,Annual,Females,From 25 to 64 years,Percentage,Tertiary education (levels 5-8),European Union - 27 countries (from 2020),2020,35.2,,
ESTAT:EDAT_LFSE_03(1.0),12/06/25 23:00:00,Annual,Females,From 25 to 64 years,Percentage,Tertiary education (levels 5-8),European Union - 27 countries (from 2020),2021,36.2,b,
ESTAT:EDAT_LFSE_03(1.0),12/06/25 23:00:00,Annual,Females,From 25 to 64 years,Percentage,Tertiary education (levels 5-8),European Union - 27 countries (from 2020),2022,37.0,,
ESTAT:EDAT_LFSE_03(1.0),12/06/25 23:00:00,Annual,Females,From 25 to 64 years,Percentage,Tertiary education (levels 5-8),European Union - 27 countries (from 2020),2023,38.0,,
ESTAT:EDAT_LFSE_03(1.0),12/06/25 23:00:00,Annual,Females,From 25 to 64 years,Percentage,Tertiary education (levels 5-8),Finland,2014,48.5,b,
ESTAT:EDAT_LFSE_03(1.0),12/06/25 23:00:00,Annual,Females,From 25 to 64 years,Percentage,Tertiary education (levels 5-8),Finland,2015,49.6,,
ESTAT:EDAT_LFSE_03(1.0),12/06/25 23:00:00,Annual,Females,From 25 to 64 years,Percentage,Tertiary education (levels 5-8),Finland,2016,50.2,,
ESTAT:EDAT_LFSE_03(1.0),12/06/25 23:00:00,Annual,Females,From 25 to 64 years,Percentage,Tertiary education (levels 5-8),Finland,2017,51.4,,
ESTAT:EDAT_LFSE_03(1.0),12/06/25 23:00:00,Annual,Females,From 25 to 64 years,Percentage,Tertiary education (levels 5-8),Finland,2018,52.3,,
ESTAT:EDAT_LFSE_03(1.0),12/06/25 23:00:00,Annual,Females,From 25 to 64 years,Percentage,Tertiary education (levels 5-8),Finland,2019,53.5,,
ESTAT:EDAT_LFSE_03(1.0),12/06/25 23:00:00,Annual,Females,From 25 to 64 years,Percentage,Tertiary education (levels 5-8),Finland,2020,55.7,,
ESTAT:EDAT_LFSE_03(1.0),12/06/25 23:00:00,Annual,Females,From 25 to 64 years,Percentage,Tertiary education (levels 5-8),Finland,2021,50.2,b,
ESTAT:EDAT_LFSE_03(1.0),12/06/25 23:00:00,Annual,Females,From 25 to 64 years,Percentage,Tertiary education (levels 5-8),Finland,2022,49.9,,
ESTAT:EDAT_LFSE_03(1.0),12/06/25 23:00:00,Annual,Females,From 25 to 64 years,Percentage,Tertiary education (levels 5-8),Finland,2023,50.4,,
ESTAT:EDAT_LFSE_03(1.0),12/06/25 23:00:00,Annual,Females,From 25 to 64 years,Percentage,Tertiary education (levels 5-8),France,2014,35.4,b,
ESTAT:EDAT_LFSE_03(1.0),12/06/25 23:00:00,Annual,Females,From 25 to 64 years,Percentage,Tertiary education (levels 5-8),France,2015,36.5,,
ESTAT:EDAT_LFSE_03(1.0),12/06/25 23:00:00,Annual,Females,From 25 to 64 years,Percentage,Tertiary education (levels 5-8),France,2016,36.9,,
ESTAT:EDAT_LFSE_03(1.0),12/06/25 23:00:00,Annual,Females,From 25 to 64 years,Percentage,Tertiary education (levels 5-8),France,2017,37.6,,
ESTAT:EDAT_LFSE_03(1.0),12/06/25 23:00:00,Annual,Females,From 25 to 64 years,Percentage,Tertiary education (levels 5-8),France,2018,39.5,,
ESTAT:EDAT_LFSE_03(1.0),12/06/25 23:00:00,Annual,Females,From 25 to 64 years,Percentage,Tertiary education (levels 5-8),France,2019,40.6,,
ESTAT:EDAT_LFSE_03(1.0),12/06/25 23:00:00,Annual,Females,From 25 to 64 years,Percentage,Tertiary education (levels 5-8),France,2020,42.5,,
ESTAT:EDAT_LFSE_03(1.0),12/06/25 23:00:00,Annual,Females,From 25 to 64 years,Percentage,Tertiary education (levels 5-8),France,2021,43.5,b,
ESTAT:EDAT_LFSE_03(1.0),12/06/25 23:00:00,Annual,Females,From 25 to 64 years,Percentage,Tertiary education (levels 5-8),France,2022,44.7,,
ESTAT:EDAT_LFSE_03(1.0),12/06/25 23:00:00,Annual,Females,From 25 to 64 years,Percentage,Tertiary education (levels 5-8),France,2023,45.6,,
ESTAT:EDAT_LFSE_03(1.0),12/06/25 23:00:00,Annual,Females,From 25 to 64 years,Percentage,Tertiary education (levels 5-8),Croatia,2014,23.8,b,
ESTAT:EDAT_LFSE_03(1.0),12/06/25 23:00:00,Annual,Females,From 25 to 64 years,Percentage,Tertiary education (levels 5-8),Croatia,2015,25.5,,
ESTAT:EDAT_LFSE_03(1.0),12/06/25 23:00:00,Annual,Females,From 25 to 64 years,Percentage,Tertiary education (levels 5-8),Croatia,2016,25.5,,
ESTAT:EDAT_LFSE_03(1.0),12/06/25 23:00:00,Annual,Females,From 25 to 64 years,Percentage,Tertiary education (levels 5-8),Croatia,2017,26.5,,
ESTAT:EDAT_LFSE_03(1.0),12/06/25 23:00:00,Annual,Females,From 25 to 64 years,Percentage,Tertiary education (levels 5-8),Croatia,2018,28.2,,
ESTAT:EDAT_LFSE_03(1.0),12/06/25 23:00:00,Annual,Females,From 25 to 64 years,Percentage,Tertiary education (levels 5-8),Croatia,2019,28.8,,
ESTAT:EDAT_LFSE_03(1.0),12/06/25 23:00:00,Annual,Females,From 25 to 64 years,Percentage,Tertiary education (levels 5-8),Croatia,2020,29.5,,
ESTAT:EDAT_LFSE_03(1.0),12/06/25 23:00:00,Annual,Females,From 25 to 64 years,Percentage,Tertiary education (levels 5-8),Croatia,2021,29.5,b,
ESTAT:EDAT_LFSE_03(1.0),12/06/25 23:00:00,Annual,Females,From 25 to 64 years,Percentage,Tertiary education (levels 5-8),Croatia,2022,30.2,,
ESTAT:EDAT_LFSE_03(1.0),12/06/25 23:00:00,Annual,Females,From 25 to 64 years,Percentage,Tertiary education (levels 5-8),Croatia,2023,33.2,,
ESTAT:EDAT_LFSE_03(1.0),12/06/25 23:00:00,Annual,Females,From 25 to 64 years,Percentage,Tertiary education (levels 5-8),Hungary,2014,26.3,b,
ESTAT:EDAT_LFSE_03(1.0),12/06/25 23:00:00,Annual,Females,From 25 to 64 years,Percentage,Tertiary education (levels 5-8),Hungary,2015,27.3,,
ESTAT:EDAT_LFSE_03(1.0),12/06/25 23:00:00,Annual,Females,From 25 to 64 years,Percentage,Tertiary education (levels 5-8),Hungary,2016,26.8,,
ESTAT:EDAT_LFSE_03(1.0),12/06/25 23:00:00,Annual,Females,From 25 to 64 years,Percentage,Tertiary education (levels 5-8),Hungary,2017,27.0,,
ESTAT:EDAT_LFSE_03(1.0),12/06/25 23:00:00,Annual,Females,From 25 to 64 years,Percentage,Tertiary education (levels 5-8),Hungary,2018,28.4,b,
ESTAT:EDAT_LFSE_03(1.0),12/06/25 23:00:00,Annual,Females,From 25 to 64 years,Percentage,Tertiary education (levels 5-8),Hungary,2019,30.2,,
ESTAT:EDAT_LFSE_03(1.0),12/06/25 23:00:00,Annual,Females,From 25 to 64 years,Percentage,Tertiary education (levels 5-8),Hungary,2020,31.3,,
ESTAT:EDAT_LFSE_03(1.0),12/06/25 23:00:00,Annual,Females,From 25 to 64 years,Percentage,Tertiary education (levels 5-8),Hungary,2021,33.8,b,
ESTAT:EDAT_LFSE_03(1.0),12/06/25 23:00:00,Annual,Females,From 25 to 64 years,Percentage,Tertiary education (levels 5-8),Hungary,2022,34.0,,
ESTAT:EDAT_LFSE_03(1.0),12/06/25 23:00:00,Annual,Females,From 25 to 64 years,Percentage,Tertiary education (levels 5-8),Hungary,2023,34.8,,
ESTAT:EDAT_LFSE_03(1.0),12/06/25 23:00:00,Annual,Females,From 25 to 64 years,Percentage,Tertiary education (levels 5-8),Ireland,2014,47.1,b,
ESTAT:EDAT_LFSE_03(1.0),12/06/25 23:00:00,Annual,Females,From 25 to 64 years,Percentage,Tertiary education (levels 5-8),Ireland,2015,48.5,,
ESTAT:EDAT_LFSE_03(1.0),12/06/25 23:00:00,Annual,Females,From 25 to 64 years,Percentage,Tertiary education (levels 5-8),Ireland,2016,49.1,,
ESTAT:EDAT_LFSE_03(1.0),12/06/25 23:00:00,Annual,Females,From 25 to 64 years,Percentage,Tertiary education (levels 5-8),Ireland,2017,50.1,b,
ESTAT:EDAT_LFSE_03(1.0),12/06/25 23:00:00,Annual,Females,From 25 to 64 years,Percentage,Tertiary education (levels 5-8),Ireland,2018,50.6,,
ESTAT:EDAT_LFSE_03(1.0),12/06/25 23:00:00,Annual,Females,From 25 to 64 years,Percentage,Tertiary education (levels 5-8),Ireland,2019,51.0,,
ESTAT:EDAT_LFSE_03(1.0),12/06/25 23:00:00,Annual,Females,From 25 to 64 years,Percentage,Tertiary education (levels 5-8),Ireland,2020,53.4,,
ESTAT:EDAT_LFSE_03(1.0),12/06/25 23:00:00,Annual,Females,From 25 to 64 years,Percentage,Tertiary education (levels 5-8),Ireland,2021,57.0,b,
ESTAT:EDAT_LFSE_03(1.0),12/06/25 23:00:00,Annual,Females,From 25 to 64 years,Percentage,Tertiary education (levels 5-8),Ireland,2022,57.5,,
ESTAT:EDAT_LFSE_03(1.0),12/06/25 23:00:00,Annual,Females,From 25 to 64 years,Percentage,Tertiary education (levels 5-8),Ireland,2023,58.2,,
ESTAT:EDAT_LFSE_03(1.0),12/06/25 23:00:00,Annual,Females,From 25 to 64 years,Percentage,Tertiary education (levels 5-8),Iceland,2014,43.5,b,
ESTAT:EDAT_LFSE_03(1.0),12/06/25 23:00:00,Annual,Females,From 25 to 64 years,Percentage,Tertiary education (levels 5-8),Iceland,2015,46.5,,
ESTAT:EDAT_LFSE_03(1.0),12/06/25 23:00:00,Annual,Females,From 25 to 64 years,Percentage,Tertiary education (levels 5-8),Iceland,2016,48.2,,
ESTAT:EDAT_LFSE_03(1.0),12/06/25 23:00:00,Annual,Females,From 25 to 64 years,Percentage,Tertiary education (levels 5-8),Iceland,2017,50.6,,
ESTAT:EDAT_LFSE_03(1.0),12/06/25 23:00:00,Annual,Females,From 25 to 64 years,Percentage,Tertiary education (levels 5-8),Iceland,2018,52.9,,
ESTAT:EDAT_LFSE_03(1.0),12/06/25 23:00:00,Annual,Females,From 25 to 64 years,Percentage,Tertiary education (levels 5-8),Iceland,2019,53.5,,
ESTAT:EDAT_LFSE_03(1.0),12/06/25 23:00:00,Annual,Females,From 25 to 64 years,Percentage,Tertiary education (levels 5-8),Iceland,2020,51.0,b,
ESTAT:EDAT_LFSE_03(1.0),12/06/25 23:00:00,Annual,Females,From 25 to 64 years,Percentage,Tertiary education (levels 5-8),Iceland,2021,51.0,b,
ESTAT:EDAT_LFSE_03(1.0),12/06/25 23:00:00,Annual,Females,From 25 to 64 years,Percentage,Tertiary education (levels 5-8),Iceland,2022,53.9,,
ESTAT:EDAT_LFSE_03(1.0),12/06/25 23:00:00,Annual,Females,From 25 to 64 years,Percentage,Tertiary education (levels 5-8),Iceland,2023,54.7,,
ESTAT:EDAT_LFSE_03(1.0),12/06/25 23:00:00,Annual,Females,From 25 to 64 years,Percentage,Tertiary education (levels 5-8),Italy,2014,18.9,b,
ESTAT:EDAT_LFSE_03(1.0),12/06/25 23:00:00,Annual,Females,From 25 to 64 years,Percentage,Tertiary education (levels 5-8),Italy,2015,19.8,,
ESTAT:EDAT_LFSE_03(1.0),12/06/25 23:00:00,Annual,Females,From 25 to 64 years,Percentage,Tertiary education (levels 5-8),Italy,2016,20.1,,
ESTAT:EDAT_LFSE_03(1.0),12/06/25 23:00:00,Annual,Females,From 25 to 64 years,Percentage,Tertiary education (levels 5-8),Italy,2017,21.5,,
ESTAT:EDAT_LFSE_03(1.0),12/06/25 23:00:00,Annual,Females,From 25 to 64 years,Percentage,Tertiary education (levels 5-8),Italy,2018,22.2,b,
ESTAT:EDAT_LFSE_03(1.0),12/06/25 23:00:00,Annual,Females,From 25 to 64 years,Percentage,Tertiary education (levels 5-8),Italy,2019,22.5,,
ESTAT:EDAT_LFSE_03(1.0),12/06/25 23:00:00,Annual,Females,From 25 to 64 years,Percentage,Tertiary education (levels 5-8),Italy,2020,23.0,,
ESTAT:EDAT_LFSE_03(1.0),12/06/25 23:00:00,Annual,Females,From 25 to 64 years,Percentage,Tertiary education (levels 5-8),Italy,2021,23.1,b,
ESTAT:EDAT_LFSE_03(1.0),12/06/25 23:00:00,Annual,Females,From 25 to 64 years,Percentage,Tertiary education (levels 5-8),Italy,2022,23.5,,
ESTAT:EDAT_LFSE_03(1.0),12/06/25 23:00:00,Annual,Females,From 25 to 64 years,Percentage,Tertiary education (levels 5-8),Italy,2023,24.9,,
ESTAT:EDAT_LFSE_03(1.0),12/06/25 23:00:00,Annual,Females,From 25 to 64 years,Percentage,Tertiary education (levels 5-8),Lithuania,2014,42.6,b,
ESTAT:EDAT_LFSE_03(1.0),12/06/25 23:00:00,Annual,Females,From 25 to 64 years,Percentage,Tertiary education (levels 5-8),Lithuania,2015,45.3,,
ESTAT:EDAT_LFSE_03(1.0),12/06/25 23:00:00,Annual,Females,From 25 to 64 years,Percentage,Tertiary education (levels 5-8),Lithuania,2016,47.0,,
ESTAT:EDAT_LFSE_03(1.0),12/06/25 23:00:00,Annual,Females,From 25 to 64 years,Percentage,Tertiary education (levels 5-8),Lithuania,2017,47.3,,
ESTAT:EDAT_LFSE_03(1.0),12/06/25 23:00:00,Annual,Females,From 25 to 64 years,Percentage,Tertiary education (levels 5-8),Lithuania,2018,48.8,,
ESTAT:EDAT_LFSE_03(1.0),12/06/25 23:00:00,Annual,Females,From 25 to 64 years,Percentage,Tertiary education (levels 5-8),Lithuania,2019,50.4,,
ESTAT:EDAT_LFSE_03(1.0),12/06/25 23:00:00,Annual,Females,From 25 to 64 years,Percentage,Tertiary education (levels 5-8),Lithuania,2020,51.1,,
ESTAT:EDAT_LFSE_03(1.0),12/06/25 23:00:00,Annual,Females,From 25 to 64 years,Percentage,Tertiary education (levels 5-8),Lithuania,2021,52.3,b,
ESTAT:EDAT_LFSE_03(1.0),12/06/25 23:00:00,Annual,Females,From 25 to 64 years,Percentage,Tertiary education (levels 5-8),Lithuania,2022,54.1,,
ESTAT:EDAT_LFSE_03(1.0),12/06/25 23:00:00,Annual,Females,From 25 to 64 years,Percentage,Tertiary education (levels 5-8),Lithuania,2023,54.5,,
ESTAT:EDAT_LFSE_03(1.0),12/06/25 23:00:00,Annual,Females,From 25 to 64 years,Percentage,Tertiary education (levels 5-8),Luxembourg,2014,44.0,b,
ESTAT:EDAT_LFSE_03(1.0),12/06/25 23:00:00,Annual,Females,From 25 to 64 years,Percentage,Tertiary education (levels 5-8),Luxembourg,2015,41.1,b,
ESTAT:EDAT_LFSE_03(1.0),12/06/25 23:00:00,Annual,Females,From 25 to 64 years,Percentage,Tertiary education (levels 5-8),Luxembourg,2016,42.4,u,
ESTAT:EDAT_LFSE_03(1.0),12/06/25 23:00:00,Annual,Females,From 25 to 64 years,Percentage,Tertiary education (levels 5-8),Luxembourg,2017,41.0,u,
ESTAT:EDAT_LFSE_03(1.0),12/06/25 23:00:00,Annual,Females,From 25 to 64 years,Percentage,Tertiary education (levels 5-8),Luxembourg,2018,45.2,,
ESTAT:EDAT_LFSE_03(1.0),12/06/25 23:00:00,Annual,Females,From 25 to 64 years,Percentage,Tertiary education (levels 5-8),Luxembourg,2019,48.0,,
ESTAT:EDAT_LFSE_03(1.0),12/06/25 23:00:00,Annual,Females,From 25 to 64 years,Percentage,Tertiary education (levels 5-8),Luxembourg,2020,47.8,,
ESTAT:EDAT_LFSE_03(1.0),12/06/25 23:00:00,Annual,Females,From 25 to 64 years,Percentage,Tertiary education (levels 5-8),Luxembourg,2021,51.8,b,
ESTAT:EDAT_LFSE_03(1.0),12/06/25 23:00:00,Annual,Females,From 25 to 64 years,Percentage,Tertiary education (levels 5-8),Luxembourg,2022,53.6,,
ESTAT:EDAT_LFSE_03(1.0),12/06/25 23:00:00,Annual,Females,From 25 to 64 years,Percentage,Tertiary education (levels 5-8),Luxembourg,2023,53.0,,
ESTAT:EDAT_LFSE_03(1.0),12/06/25 23:00:00,Annual,Females,From 25 to 64 years,Percentage,Tertiary education (levels 5-8),Latvia,2014,37.8,b,
ESTAT:EDAT_LFSE_03(1.0),12/06/25 23:00:00,Annual,Females,From 25 to 64 years,Percentage,Tertiary education (levels 5-8),Latvia,2015,40.1,,
ESTAT:EDAT_LFSE_03(1.0),12/06/25 23:00:00,Annual,Females,From 25 to 64 years,Percentage,Tertiary education (levels 5-8),Latvia,2016,41.9,,
ESTAT:EDAT_LFSE_03(1.0),12/06/25 23:00:00,Annual,Females,From 25 to 64 years,Percentage,Tertiary education (levels 5-8),Latvia,2017,42.1,,
ESTAT:EDAT_LFSE_03(1.0),12/06/25 23:00:00,Annual,Females,From 25 to 64 years,Percentage,Tertiary education (levels 5-8),Latvia,2018,42.3,,
ESTAT:EDAT_LFSE_03(1.0),12/06/25 23:00:00,Annual,Females,From 25 to 64 years,Percentage,Tertiary education (levels 5-8),Latvia,2019,43.7,,
ESTAT:EDAT_LFSE_03(1.0),12/06/25 23:00:00,Annual,Females,From 25 to 64 years,Percentage,Tertiary education (levels 5-8),Latvia,2020,46.3,,
ESTAT:EDAT_LFSE_03(1.0),12/06/25 23:00:00,Annual,Females,From 25 to 64 years,Percentage,Tertiary education (levels 5-8),Latvia,2021,48.2,b,
ESTAT:EDAT_LFSE_03(1.0),12/06/25 23:00:00,Annual,Females,From 25 to 64 years,Percentage,Tertiary education (levels 5-8),Latvia,2022,48.9,,
ESTAT:EDAT_LFSE_03(1.0),12/06/25 23:00:00,Annual,Females,From 25 to 64 years,Percentage,Tertiary education (levels 5-8),Latvia,2023,48.0,,
ESTAT:EDAT_LFSE_03(1.0),12/06/25 23:00:00,Annual,Females,From 25 to 64 years,Percentage,Tertiary education (levels 5-8),Montenegro,2014,25.3,b,
ESTAT:EDAT_LFSE_03(1.0),12/06/25 23:00:00,Annual,Females,From 25 to 64 years,Percentage,Tertiary education (levels 5-8),Montenegro,2015,24.7,,
ESTAT:EDAT_LFSE_03(1.0),12/06/25 23:00:00,Annual,Females,From 25 to 64 years,Percentage,Tertiary education (levels 5-8),Montenegro,2016,26.8,,
ESTAT:EDAT_LFSE_03(1.0),12/06/25 23:00:00,Annual,Females,From 25 to 64 years,Percentage,Tertiary education (levels 5-8),Montenegro,2017,27.6,,
ESTAT:EDAT_LFSE_03(1.0),12/06/25 23:00:00,Annual,Females,From 25 to 64 years,Percentage,Tertiary education (levels 5-8),Montenegro,2018,26.7,,
ESTAT:EDAT_LFSE_03(1.0),12/06/25 23:00:00,Annual,Females,From 25 to 64 years,Percentage,Tertiary education (levels 5-8),Montenegro,2019,28.2,,
ESTAT:EDAT_LFSE_03(1.0),12/06/25 23:00:00,Annual,Females,From 25 to 64 years,Percentage,Tertiary education (levels 5-8),Montenegro,2020,28.3,,
ESTAT:EDAT_LFSE_03(1.0),12/06/25 23:00:00,Annual,Females,From 25 to 64 years,Percentage,Tertiary education (levels 5-8),Montenegro,2021,,,
ESTAT:EDAT_LFSE_03(1.0),12/06/25 23:00:00,Annual,Females,From 25 to 64 years,Percentage,Tertiary education (levels 5-8),Montenegro,2022,,,
ESTAT:EDAT_LFSE_03(1.0),12/06/25 23:00:00,Annual,Females,From 25 to 64 years,Percentage,Tertiary education (levels 5-8),Montenegro,2023,,,
ESTAT:EDAT_LFSE_03(1.0),12/06/25 23:00:00,Annual,Females,From 25 to 64 years,Percentage,Tertiary education (levels 5-8),North Macedonia,2014,19.0,b,
ESTAT:EDAT_LFSE_03(1.0),12/06/25 23:00:00,Annual,Females,From 25 to 64 years,Percentage,Tertiary education (levels 5-8),North Macedonia,2015,20.4,,
ESTAT:EDAT_LFSE_03(1.0),12/06/25 23:00:00,Annual,Females,From 25 to 64 years,Percentage,Tertiary education (levels 5-8),North Macedonia,2016,22.3,,
ESTAT:EDAT_LFSE_03(1.0),12/06/25 23:00:00,Annual,Females,From 25 to 64 years,Percentage,Tertiary education (levels 5-8),North Macedonia,2017,22.6,,
ESTAT:EDAT_LFSE_03(1.0),12/06/25 23:00:00,Annual,Females,From 25 to 64 years,Percentage,Tertiary education (levels 5-8),North Macedonia,2018,22.3,,
ESTAT:EDAT_LFSE_03(1.0),12/06/25 23:00:00,Annual,Females,From 25 to 64 years,Percentage,Tertiary education (levels 5-8),North Macedonia,2019,23.0,,
ESTAT:EDAT_LFSE_03(1.0),12/06/25 23:00:00,Annual,Females,From 25 to 64 years,Percentage,Tertiary education (levels 5-8),North Macedonia,2020,25.1,,
ESTAT:EDAT_LFSE_03(1.0),12/06/25 23:00:00,Annual,Females,From 25 to 64 years,Percentage,Tertiary education (levels 5-8),North Macedonia,2021,,,
ESTAT:EDAT_LFSE_03(1.0),12/06/25 23:00:00,Annual,Females,From 25 to 64 years,Percentage,Tertiary education (levels 5-8),North Macedonia,2022,,,
ESTAT:EDAT_LFSE_03(1.0),12/06/25 23:00:00,Annual,Females,From 25 to 64 years,Percentage,Tertiary education (levels 5-8),North Macedonia,2023,,,
ESTAT:EDAT_LFSE_03(1.0),12/06/25 23:00:00,Annual,Females,From 25 to 64 years,Percentage,Tertiary education (levels 5-8),Malta,2014,21.2,b,
ESTAT:EDAT_LFSE_03(1.0),12/06/25 23:00:00,Annual,Females,From 25 to 64 years,Percentage,Tertiary education (levels 5-8),Malta,2015,23.0,,
ESTAT:EDAT_LFSE_03(1.0),12/06/25 23:00:00,Annual,Females,From 25 to 64 years,Percentage,Tertiary education (levels 5-8),Malta,2016,23.0,,
ESTAT:EDAT_LFSE_03(1.0),12/06/25 23:00:00,Annual,Females,From 25 to 64 years,Percentage,Tertiary education (levels 5-8),Malta,2017,24.0,,
ESTAT:EDAT_LFSE_03(1.0),12/06/25 23:00:00,Annual,Females,From 25 to 64 years,Percentage,Tertiary education (levels 5-8),Malta,2018,28.5,,
ESTAT:EDAT_LFSE_03(1.0),12/06/25 23:00:00,Annual,Females,From 25 to 64 years,Percentage,Tertiary education (levels 5-8),Malta,2019,32.2,,
ESTAT:EDAT_LFSE_03(1.0),12/06/25 23:00:00,Annual,Females,From 25 to 64 years,Percentage,Tertiary education (levels 5-8),Malta,2020,32.9,,
ESTAT:EDAT_LFSE_03(1.0),12/06/25 23:00:00,Annual,Females,From 25 to 64 years,Percentage,Tertiary education (levels 5-8),Malta,2021,35.1,b,
ESTAT:EDAT_LFSE_03(1.0),12/06/25 23:00:00,Annual,Females,From 25 to 64 years,Percentage,Tertiary education (levels 5-8),Malta,2022,34.5,,
ESTAT:EDAT_LFSE_03(1.0),12/06/25 23:00:00,Annual,Females,From 25 to 64 years,Percentage,Tertiary education (levels 5-8),Malta,2023,37.4,,
ESTAT:EDAT_LFSE_03(1.0),12/06/25 23:00:00,Annual,Females,From 25 to 64 years,Percentage,Tertiary education (levels 5-8),Netherlands,2014,34.0,b,
ESTAT:EDAT_LFSE_03(1.0),12/06/25 23:00:00,Annual,Females,From 25 to 64 years,Percentage,Tertiary education (levels 5-8),Netherlands,2015,35.0,,
ESTAT:EDAT_LFSE_03(1.0),12/06/25 23:00:00,Annual,Females,From 25 to 64 years,Percentage,Tertiary education (levels 5-8),Netherlands,2016,36.0,,
ESTAT:EDAT_LFSE_03(1.0),12/06/25 23:00:00,Annual,Females,From 25 to 64 years,Percentage,Tertiary education (levels 5-8),Netherlands,2017,37.6,,
ESTAT:EDAT_LFSE_03(1.0),12/06/25 23:00:00,Annual,Females,From 25 to 64 years,Percentage,Tertiary education (levels 5-8),Netherlands,2018,38.9,,
ESTAT:EDAT_LFSE_03(1.0),12/06/25 23:00:00,Annual,Females,From 25 to 64 years,Percentage,Tertiary education (levels 5-8),Netherlands,2019,40.8,b,
ESTAT:EDAT_LFSE_03(1.0),12/06/25 23:00:00,Annual,Females,From 25 to 64 years,Percentage,Tertiary education (levels 5-8),Netherlands,2020,43.3,,
ESTAT:EDAT_LFSE_03(1.0),12/06/25 23:00:00,Annual,Females,From 25 to 64 years,Percentage,Tertiary education (levels 5-8),Netherlands,2021,43.8,b,
ESTAT:EDAT_LFSE_03(1.0),12/06/25 23:00:00,Annual,Females,From 25 to 64 years,Percentage,Tertiary education (levels 5-8),Netherlands,2022,45.7,,
ESTAT:EDAT_LFSE_03(1.0),12/06/25 23:00:00,Annual,Females,From 25 to 64 years,Percentage,Tertiary education (levels 5-8),Netherlands,2023,45.9,,
ESTAT:EDAT_LFSE_03(1.0),12/06/25 23:00:00,Annual,Females,From 25 to 64 years,Percentage,Tertiary education (levels 5-8),Norway,2014,46.6,b,
ESTAT:EDAT_LFSE_03(1.0),12/06/25 23:00:00,Annual,Females,From 25 to 64 years,Percentage,Tertiary education (levels 5-8),Norway,2015,47.5,,
ESTAT:EDAT_LFSE_03(1.0),12/06/25 23:00:00,Annual,Females,From 25 to 64 years,Percentage,Tertiary education (levels 5-8),Norway,2016,48.0,,
ESTAT:EDAT_LFSE_03(1.0),12/06/25 23:00:00,Annual,Females,From 25 to 64 years,Percentage,Tertiary education (levels 5-8),Norway,2017,47.8,,
ESTAT:EDAT_LFSE_03(1.0),12/06/25 23:00:00,Annual,Females,From 25 to 64 years,Percentage,Tertiary education (levels 5-8),Norway,2018,48.2,,
ESTAT:EDAT_LFSE_03(1.0),12/06/25 23:00:00,Annual,Females,From 25 to 64 years,Percentage,Tertiary education (levels 5-8),Norway,2019,49.4,,
ESTAT:EDAT_LFSE_03(1.0),12/06/25 23:00:00,Annual,Females,From 25 to 64 years,Percentage,Tertiary education (levels 5-8),Norway,2020,51.4,,
ESTAT:EDAT_LFSE_03(1.0),12/06/25 23:00:00,Annual,Females,From 25 to 64 years,Percentage,Tertiary education (levels 5-8),Norway,2021,52.9,b,
ESTAT:EDAT_LFSE_03(1.0),12/06/25 23:00:00,Annual,Females,From 25 to 64 years,Percentage,Tertiary education (levels 5-8),Norway,2022,53.8,,
ESTAT:EDAT_LFSE_03(1.0),12/06/25 23:00:00,Annual,Females,From 25 to 64 years,Percentage,Tertiary education (levels 5-8),Norway,2023,55.2,,
ESTAT:EDAT_LFSE_03(1.0),12/06/25 23:00:00,Annual,Females,From 25 to 64 years,Percentage,Tertiary education (levels 5-8),Poland,2014,31.4,b,
ESTAT:EDAT_LFSE_03(1.0),12/06/25 23:00:00,Annual,Females,From 25 to 64 years,Percentage,Tertiary education (levels 5-8),Poland,2015,32.6,,
ESTAT:EDAT_LFSE_03(1.0),12/06/25 23:00:00,Annual,Females,From 25 to 64 years,Percentage,Tertiary education (levels 5-8),Poland,2016,34.0,,
ESTAT:EDAT_LFSE_03(1.0),12/06/25 23:00:00,Annual,Females,From 25 to 64 years,Percentage,Tertiary education (levels 5-8),Poland,2017,35.3,,
ESTAT:EDAT_LFSE_03(1.0),12/06/25 23:00:00,Annual,Females,From 25 to 64 years,Percentage,Tertiary education (levels 5-8),Poland,2018,36.6,,
ESTAT:EDAT_LFSE_03(1.0),12/06/25 23:00:00,Annual,Females,From 25 to 64 years,Percentage,Tertiary education (levels 5-8),Poland,2019,38.1,,
ESTAT:EDAT_LFSE_03(1.0),12/06/25 23:00:00,Annual,Females,From 25 to 64 years,Percentage,Tertiary education (levels 5-8),Poland,2020,39.2,,
ESTAT:EDAT_LFSE_03(1.0),12/06/25 23:00:00,Annual,Females,From 25 to 64 years,Percentage,Tertiary education (levels 5-8),Poland,2021,39.9,b,
ESTAT:EDAT_LFSE_03(1.0),12/06/25 23:00:00,Annual,Females,From 25 to 64 years,Percentage,Tertiary education (levels 5-8),Poland,2022,40.8,,
ESTAT:EDAT_LFSE_03(1.0),12/06/25 23:00:00,Annual,Females,From 25 to 64 years,Percentage,Tertiary education (levels 5-8),Poland,2023,44.6,,
ESTAT:EDAT_LFSE_03(1.0),12/06/25 23:00:00,Annual,Females,From 25 to 64 years,Percentage,Tertiary education (levels 5-8),Portugal,2014,25.9,b,
ESTAT:EDAT_LFSE_03(1.0),12/06/25 23:00:00,Annual,Females,From 25 to 64 years,Percentage,Tertiary education (levels 5-8),Portugal,2015,26.9,,
ESTAT:EDAT_LFSE_03(1.0),12/06/25 23:00:00,Annual,Females,From 25 to 64 years,Percentage,Tertiary education (levels 5-8),Portugal,2016,27.9,,
ESTAT:EDAT_LFSE_03(1.0),12/06/25 23:00:00,Annual,Females,From 25 to 64 years,Percentage,Tertiary education (levels 5-8),Portugal,2017,28.6,,
ESTAT:EDAT_LFSE_03(1.0),12/06/25 23:00:00,Annual,Females,From 25 to 64 years,Percentage,Tertiary education (levels 5-8),Portugal,2018,29.9,,
ESTAT:EDAT_LFSE_03(1.0),12/06/25 23:00:00,Annual,Females,From 25 to 64 years,Percentage,Tertiary education (levels 5-8),Portugal,2019,30.8,,
ESTAT:EDAT_LFSE_03(1.0),12/06/25 23:00:00,Annual,Females,From 25 to 64 years,Percentage,Tertiary education (levels 5-8),Portugal,2020,32.2,,
ESTAT:EDAT_LFSE_03(1.0),12/06/25 23:00:00,Annual,Females,From 25 to 64 years,Percentage,Tertiary education (levels 5-8),Portugal,2021,34.1,b,
ESTAT:EDAT_LFSE_03(1.0),12/06/25 23:00:00,Annual,Females,From 25 to 64 years,Percentage,Tertiary education (levels 5-8),Portugal,2022,34.5,,
ESTAT:EDAT_LFSE_03(1.0),12/06/25 23:00:00,Annual,Females,From 25 to 64 years,Percentage,Tertiary education (levels 5-8),Portugal,2023,34.3,,
ESTAT:EDAT_LFSE_03(1.0),12/06/25 23:00:00,Annual,Females,From 25 to 64 years,Percentage,Tertiary education (levels 5-8),Romania,2014,16.4,b,
ESTAT:EDAT_LFSE_03(1.0),12/06/25 23:00:00,Annual,Females,From 25 to 64 years,Percentage,Tertiary education (levels 5-8),Romania,2015,17.9,,
ESTAT:EDAT_LFSE_03(1.0),12/06/25 23:00:00,Annual,Females,From 25 to 64 years,Percentage,Tertiary education (levels 5-8),Romania,2016,18.2,,
ESTAT:EDAT_LFSE_03(1.0),12/06/25 23:00:00,Annual,Females,From 25 to 64 years,Percentage,Tertiary education (levels 5-8),Romania,2017,18.7,,
ESTAT:EDAT_LFSE_03(1.0),12/06/25 23:00:00,Annual,Females,From 25 to 64 years,Percentage,Tertiary education (levels 5-8),Romania,2018,19.1,,
ESTAT:EDAT_LFSE_03(1.0),12/06/25 23:00:00,Annual,Females,From 25 to 64 years,Percentage,Tertiary education (levels 5-8),Romania,2019,19.7,,
ESTAT:EDAT_LFSE_03(1.0),12/06/25 23:00:00,Annual,Females,From 25 to 64 years,Percentage,Tertiary education (levels 5-8),Romania,2020,20.0,,
ESTAT:EDAT_LFSE_03(1.0),12/06/25 23:00:00,Annual,Females,From 25 to 64 years,Percentage,Tertiary education (levels 5-8),Romania,2021,20.4,b,
ESTAT:EDAT_LFSE_03(1.0),12/06/25 23:00:00,Annual,Females,From 25 to 64 years,Percentage,Tertiary education (levels 5-8),Romania,2022,21.6,,
ESTAT:EDAT_LFSE_03(1.0),12/06/25 23:00:00,Annual,Females,From 25 to 64 years,Percentage,Tertiary education (levels 5-8),Romania,2023,20.6,,
ESTAT:EDAT_LFSE_03(1.0),12/06/25 23:00:00,Annual,Females,From 25 to 64 years,Percentage,Tertiary education (levels 5-8),Serbia,2014,22.7,b,
ESTAT:EDAT_LFSE_03(1.0),12/06/25 23:00:00,Annual,Females,From 25 to 64 years,Percentage,Tertiary education (levels 5-8),Serbia,2015,23.9,,
ESTAT:EDAT_LFSE_03(1.0),12/06/25 23:00:00,Annual,Females,From 25 to 64 years,Percentage,Tertiary education (levels 5-8),Serbia,2016,25.1,,
ESTAT:EDAT_LFSE_03(1.0),12/06/25 23:00:00,Annual,Females,From 25 to 64 years,Percentage,Tertiary education (levels 5-8),Serbia,2017,25.4,,
ESTAT:EDAT_LFSE_03(1.0),12/06/25 23:00:00,Annual,Females,From 25 to 64 years,Percentage,Tertiary education (levels 5-8),Serbia,2018,26.4,,
ESTAT:EDAT_LFSE_03(1.0),12/06/25 23:00:00,Annual,Females,From 25 to 64 years,Percentage,Tertiary education (levels 5-8),Serbia,2019,27.0,,
ESTAT:EDAT_LFSE_03(1.0),12/06/25 23:00:00,Annual,Females,From 25 to 64 years,Percentage,Tertiary education (levels 5-8),Serbia,2020,27.6,,
ESTAT:EDAT_LFSE_03(1.0),12/06/25 23:00:00,Annual,Females,From 25 to 64 years,Percentage,Tertiary education (levels 5-8),Serbia,2021,28.8,b,
ESTAT:EDAT_LFSE_03(1.0),12/06/25 23:00:00,Annual,Females,From 25 to 64 years,Percentage,Tertiary education (levels 5-8),Serbia,2022,29.3,,
ESTAT:EDAT_LFSE_03(1.0),12/06/25 23:00:00,Annual,Females,From 25 to 64 years,Percentage,Tertiary education (levels 5-8),Serbia,2023,30.7,,
ESTAT:EDAT_LFSE_03(1.0),12/06/25 23:00:00,Annual,Females,From 25 to 64 years,Percentage,Tertiary education (levels 5-8),Sweden,2014,45.0,b,
ESTAT:EDAT_LFSE_03(1.0),12/06/25 23:00:00,Annual,Females,From 25 to 64 years,Percentage,Tertiary education (levels 5-8),Sweden,2015,46.7,,
ESTAT:EDAT_LFSE_03(1.0),12/06/25 23:00:00,Annual,Females,From 25 to 64 years,Percentage,Tertiary education (levels 5-8),Sweden,2016,48.0,,
ESTAT:EDAT_LFSE_03(1.0),12/06/25 23:00:00,Annual,Females,From 25 to 64 years,Percentage,Tertiary education (levels 5-8),Sweden,2017,48.6,,
ESTAT:EDAT_LFSE_03(1.0),12/06/25 23:00:00,Annual,Females,From 25 to 64 years,Percentage,Tertiary education (levels 5-8),Sweden,2018,50.3,b,
ESTAT:EDAT_LFSE_03(1.0),12/06/25 23:00:00,Annual,Females,From 25 to 64 years,Percentage,Tertiary education (levels 5-8),Sweden,2019,51.4,,
ESTAT:EDAT_LFSE_03(1.0),12/06/25 23:00:00,Annual,Females,From 25 to 64 years,Percentage,Tertiary education (levels 5-8),Sweden,2020,52.2,,
ESTAT:EDAT_LFSE_03(1.0),12/06/25 23:00:00,Annual,Females,From 25 to 64 years,Percentage,Tertiary education (levels 5-8),Sweden,2021,54.1,b,
ESTAT:EDAT_LFSE_03(1.0),12/06/25 23:00:00,Annual,Females,From 25 to 64 years,Percentage,Tertiary education (levels 5-8),Sweden,2022,56.2,,
ESTAT:EDAT_LFSE_03(1.0),12/06/25 23:00:00,Annual,Females,From 25 to 64 years,Percentage,Tertiary education (levels 5-8),Sweden,2023,56.8,,
ESTAT:EDAT_LFSE_03(1.0),12/06/25 23:00:00,Annual,Females,From 25 to 64 years,Percentage,Tertiary education (levels 5-8),Slovenia,2014,34.1,b,
ESTAT:EDAT_LFSE_03(1.0),12/06/25 23:00:00,Annual,Females,From 25 to 64 years,Percentage,Tertiary education (levels 5-8),Slovenia,2015,36.7,,
ESTAT:EDAT_LFSE_03(1.0),12/06/25 23:00:00,Annual,Females,From 25 to 64 years,Percentage,Tertiary education (levels 5-8),Slovenia,2016,37.6,,
ESTAT:EDAT_LFSE_03(1.0),12/06/25 23:00:00,Annual,Females,From 25 to 64 years,Percentage,Tertiary education (levels 5-8),Slovenia,2017,39.4,,
ESTAT:EDAT_LFSE_03(1.0),12/06/25 23:00:00,Annual,Females,From 25 to 64 years,Percentage,Tertiary education (levels 5-8),Slovenia,2018,38.9,,
ESTAT:EDAT_LFSE_03(1.0),12/06/25 23:00:00,Annual,Females,From 25 to 64 years,Percentage,Tertiary education (levels 5-8),Slovenia,2019,40.2,,
ESTAT:EDAT_LFSE_03(1.0),12/06/25 23:00:00,Annual,Females,From 25 to 64 years,Percentage,Tertiary education (levels 5-8),Slovenia,2020,43.0,,
ESTAT:EDAT_LFSE_03(1.0),12/06/25 23:00:00,Annual,Females,From 25 to 64 years,Percentage,Tertiary education (levels 5-8),Slovenia,2021,47.9,b,
ESTAT:EDAT_LFSE_03(1.0),12/06/25 23:00:00,Annual,Females,From 25 to 64 years,Percentage,Tertiary education (levels 5-8),Slovenia,2022,48.3,,
ESTAT:EDAT_LFSE_03(1.0),12/06/25 23:00:00,Annual,Females,From 25 to 64 years,Percentage,Tertiary education (levels 5-8),Slovenia,2023,42.4,b,
ESTAT:EDAT_LFSE_03(1.0),12/06/25 23:00:00,Annual,Females,From 25 to 64 years,Percentage,Tertiary education (levels 5-8),Slovakia,2014,22.5,b,
ESTAT:EDAT_LFSE_03(1.0),12/06/25 23:00:00,Annual,Females,From 25 to 64 years,Percentage,Tertiary education (levels 5-8),Slovakia,2015,23.9,,
ESTAT:EDAT_LFSE_03(1.0),12/06/25 23:00:00,Annual,Females,From 25 to 64 years,Percentage,Tertiary education (levels 5-8),Slovakia,2016,25.1,,
ESTAT:EDAT_LFSE_03(1.0),12/06/25 23:00:00,Annual,Females,From 25 to 64 years,Percentage,Tertiary education (levels 5-8),Slovakia,2017,26.5,,
ESTAT:EDAT_LFSE_03(1.0),12/06/25 23:00:00,Annual,Females,From 25 to 64 years,Percentage,Tertiary education (levels 5-8),Slovakia,2018,28.2,,
ESTAT:EDAT_LFSE_03(1.0),12/06/25 23:00:00,Annual,Females,From 25 to 64 years,Percentage,Tertiary education (levels 5-8),Slovakia,2019,29.9,,
ESTAT:EDAT_LFSE_03(1.0),12/06/25 23:00:00,Annual,Females,From 25 to 64 years,Percentage,Tertiary education (levels 5-8),Slovakia,2020,31.6,,
ESTAT:EDAT_LFSE_03(1.0),12/06/25 23:00:00,Annual,Females,From 25 to 64 years,Percentage,Tertiary education (levels 5-8),Slovakia,2021,33.4,b,
ESTAT:EDAT_LFSE_03(1.0),12/06/25 23:00:00,Annual,Females,From 25 to 64 years,Percentage,Tertiary education (levels 5-8),Slovakia,2022,34.6,,
ESTAT:EDAT_LFSE_03(1.0),12/06/25 23:00:00,Annual,Females,From 25 to 64 years,Percentage,Tertiary education (levels 5-8),Slovakia,2023,33.2,,
ESTAT:EDAT_LFSE_03(1.0),12/06/25 23:00:00,Annual,Females,From 25 to 64 years,Percentage,Tertiary education (levels 5-8),Türkiye,2014,12.8,b,
ESTAT:EDAT_LFSE_03(1.0),12/06/25 23:00:00,Annual,Females,From 25 to 64 years,Percentage,Tertiary education (levels 5-8),Türkiye,2015,14.1,,
ESTAT:EDAT_LFSE_03(1.0),12/06/25 23:00:00,Annual,Females,From 25 to 64 years,Percentage,Tertiary education (levels 5-8),Türkiye,2016,15.5,,
ESTAT:EDAT_LFSE_03(1.0),12/06/25 23:00:00,Annual,Females,From 25 to 64 years,Percentage,Tertiary education (levels 5-8),Türkiye,2017,16.4,,
ESTAT:EDAT_LFSE_03(1.0),12/06/25 23:00:00,Annual,Females,From 25 to 64 years,Percentage,Tertiary education (levels 5-8),Türkiye,2018,17.3,,
ESTAT:EDAT_LFSE_03(1.0),12/06/25 23:00:00,Annual,Females,From 25 to 64 years,Percentage,Tertiary education (levels 5-8),Türkiye,2019,18.4,,
ESTAT:EDAT_LFSE_03(1.0),12/06/25 23:00:00,Annual,Females,From 25 to 64 years,Percentage,Tertiary education (levels 5-8),Türkiye,2020,20.2,,
ESTAT:EDAT_LFSE_03(1.0),12/06/25 23:00:00,Annual,Females,From 25 to 64 years,Percentage,Tertiary education (levels 5-8),Türkiye,2021,21.5,b,
ESTAT:EDAT_LFSE_03(1.0),12/06/25 23:00:00,Annual,Females,From 25 to 64 years,Percentage,Tertiary education (levels 5-8),Türkiye,2022,22.3,,
ESTAT:EDAT_LFSE_03(1.0),12/06/25 23:00:00,Annual,Females,From 25 to 64 years,Percentage,Tertiary education (levels 5-8),Türkiye,2023,23.5,,
ESTAT:EDAT_LFSE_03(1.0),12/06/25 23:00:00,Annual,Females,From 25 to 64 years,Percentage,Tertiary education (levels 5-8),United Kingdom,2014,41.9,b,
ESTAT:EDAT_LFSE_03(1.0),12/06/25 23:00:00,Annual,Females,From 25 to 64 years,Percentage,Tertiary education (levels 5-8),United Kingdom,2015,43.1,,
ESTAT:EDAT_LFSE_03(1.0),12/06/25 23:00:00,Annual,Females,From 25 to 64 years,Percentage,Tertiary education (levels 5-8),United Kingdom,2016,43.7,,
ESTAT:EDAT_LFSE_03(1.0),12/06/25 23:00:00,Annual,Females,From 25 to 64 years,Percentage,Tertiary education (levels 5-8),United Kingdom,2017,44.4,,
ESTAT:EDAT_LFSE_03(1.0),12/06/25 23:00:00,Annual,Females,From 25 to 64 years,Percentage,Tertiary education (levels 5-8),United Kingdom,2018,45.5,,
ESTAT:EDAT_LFSE_03(1.0),12/06/25 23:00:00,Annual,Females,From 25 to 64 years,Percentage,Tertiary education (levels 5-8),United Kingdom,2019,47.0,,
ESTAT:EDAT_LFSE_03(1.0),12/06/25 23:00:00,Annual,Females,From 25 to 64 years,Percentage,Tertiary education (levels 5-8),United Kingdom,2020,,,
ESTAT:EDAT_LFSE_03(1.0),12/06/25 23:00:00,Annual,Females,From 25 to 64 years,Percentage,Tertiary education (levels 5-8),United Kingdom,2021,,,
ESTAT:EDAT_LFSE_03(1.0),12/06/25 23:00:00,Annual,Females,From 25 to 64 years,Percentage,Tertiary education (levels 5-8),United Kingdom,2022,,,
ESTAT:EDAT_LFSE_03(1.0),12/06/25 23:00:00,Annual,Females,From 25 to 64 years,Percentage,Tertiary education (levels 5-8),United Kingdom,2023,,,
