DATAFLOW,LAST UPDATE,freq,indic_em,sex,age,unit,geo,TIME_PERIOD,OBS_VALUE,OBS_FLAG,CONF_STATUS
ESTAT:LFSI_EMP_A(1.0),12/06/25 23:00:00,Annual,Total employment (resident population concept - LFS),Females,From 15 to 64 years,Percentage of total population,Austria,2014,66.9,,
ESTAT:LFSI_EMP_A(1.0),12/06/25 23:00:00,Annual,Total employment (resident population concept - LFS),Females,From 15 to 64 years,Percentage of total population,Austria,2015,67.1,,
ESTAT:LFSI_EMP_A(1.0),12/06/25 23:00:00,Annual,Total employment (resident population concept - LFS),Females,From 15 to 64 years,Percentage of total population,Austria,2016,67.7,,
ESTAT:LFSI_EMP_A(1.0),12/06/25 23:00:00,Annual,Total employment (resident population concept - LFS),Females,From 15 to 64 years,Percentage of total population,Austria,2017,68.2,,
ESTAT:LFSI_EMP_A(1.0),12/06/25 23:00:00,Annual,Total employment (resident population concept - LFS),Females,From 15 to 64 years,Percentage of total population,Austria,2018,68.6,,
ESTAT:LFSI_EMP_A(1.0),12/06/25 23:00:00,Annual,Total employment (resident population concept - LFS),Females,From 15 to 64 years,Percentage of total population,Austria,2019,69.2,,
ESTAT:LFSI_EMP_A(1.0),12/06/25 23:00:00,Annual,Total employment (resident population concept - LFS),Females,From 15 to 64 years,Percentage of total population,Austria,2020,67.4,,
ESTAT:LFSI_EMP_A(1.0),12/06/25 23:00:00,Annual,Total employment (resident population concept - LFS),Females,From 15 to 64 years,Percentage of total population,Austria,2021,68.1,,
ESTAT:LFSI_EMP_A(1.0),12/06/25 23:00:00,Annual,Total employment (resident population concept - LFS),Females,From 15 to 64 years,Percentage of total population,Austria,2022,70.0,,
ESTAT:LFSI_EMP_A(1.0),12/06/25 23:00:00,Annual,Total employment (resident population concept - LFS),Females,From 15 to 64 years,Percentage of total population,Austria,2023,70.3,,
ESTAT:LFSI_EMP_A(1.0),12/06/25 23:00:00,Annual,Total employment (resident population concept - LFS),Females,From 15 to 64 years,Percentage of total population,Bosnia and Herzegovina,2014,,,
ESTAT:LFSI_EMP_A(1.0),12/06/25 23:00:00,Annual,Total employment (resident population concept - LFS),Females,From 15 to 64 years,Percentage of total population,Bosnia and Herzegovina,2015,,,
ESTAT:LFSI_EMP_A(1.0),12/06/25 23:00:00,Annual,Total employment (resident population concept - LFS),Females,From 15 to 64 years,Percentage of total population,Bosnia and Herzegovina,2016,,,
ESTAT:LFSI_EMP_A(1.0),12/06/25 23:00:00,Annual,Total employment (resident population concept - LFS),Females,From 15 to 64 years,Percentage of total population,Bosnia and Herzegovina,2017,,,
ESTAT:LFSI_EMP_A(1.0),12/06/25 23:00:00,Annual,Total employment (resident population concept - LFS),Females,From 15 to 64 years,Percentage of total population,Bosnia and Herzegovina,2018,,,
ESTAT:LFSI_EMP_A(1.0),12/06/25 23:00:00,Annual,Total employment (resident population concept - LFS),Females,From 15 to 64 years,Percentage of total population,Bosnia and Herzegovina,2019,,,
ESTAT:LFSI_EMP_A(1.0),12/06/25 23:00:00,Annual,Total employment (resident population concept - LFS),Females,From 15 to 64 years,Percentage of total population,Bosnia and Herzegovina,2020,,,
ESTAT:LFSI_EMP_A(1.0),12/06/25 23:00:00,Annual,Total employment (resident population concept - LFS),Females,From 15 to 64 years,Percentage of total population,Bosnia and Herzegovina,2021,36.3,,
ESTAT:LFSI_EMP_A(1.0),12/06/25 23:00:00,Annual,Total employment (resident population concept - LFS),Females,From 15 to 64 years,Percentage of total population,Bosnia and Herzegovina,2022,37.1,,
ESTAT:LFSI_EMP_A(1.0),12/06/25 23:00:00,Annual,Total employment (resident population concept - LFS),Females,From 15 to 64 years,Percentage of total population,Bosnia and Herzegovina,2023,39.1,,
ESTAT:LFSI_EMP_A(1.0),12/06/25 23:00:00,Annual,Total employment (resident population concept - LFS),Females,From 15 to 64 years,Percentage of total population,Belgium,2014,57.9,,
ESTAT:LFSI_EMP_A(1.0),12/06/25 23:00:00,Annual,Total employment (resident population concept - LFS),Females,From 15 to 64 years,Percentage of total population,Belgium,2015,58.0,,
ESTAT:LFSI_EMP_A(1.0),12/06/25 23:00:00,Annual,Total employment (resident population concept - LFS),Females,From 15 to 64 years,Percentage of total population,Belgium,2016,58.1,,
ESTAT:LFSI_EMP_A(1.0),12/06/25 23:00:00,Annual,Total employment (resident population concept - LFS),Females,From 15 to 64 years,Percentage of total population,Belgium,2017,58.7,b,
ESTAT:LFSI_EMP_A(1.0),12/06/25 23:00:00,Annual,Total employment (resident population concept - LFS),Females,From 15 to 64 years,Percentage of total population,Belgium,2018,60.7,,
ESTAT:LFSI_EMP_A(1.0),12/06/25 23:00:00,Annual,Total employment (resident population concept - LFS),Females,From 15 to 64 years,Percentage of total population,Belgium,2019,61.7,,
ESTAT:LFSI_EMP_A(1.0),12/06/25 23:00:00,Annual,Total employment (resident population concept - LFS),Females,From 15 to 64 years,Percentage of total population,Belgium,2020,60.8,,
ESTAT:LFSI_EMP_A(1.0),12/06/25 23:00:00,Annual,Total employment (resident population concept - LFS),Females,From 15 to 64 years,Percentage of total population,Belgium,2021,61.8,,
ESTAT:LFSI_EMP_A(1.0),12/06/25 23:00:00,Annual,Total employment (resident population concept - LFS),Females,From 15 to 64 years,Percentage of total population,Belgium,2022,63.2,,
ESTAT:LFSI_EMP_A(1.0),12/06/25 23:00:00,Annual,Total employment (resident population concept - LFS),Females,From 15 to 64 years,Percentage of total population,Belgium,2023,63.3,,
ESTAT:LFSI_EMP_A(1.0),12/06/25 23:00:00,Annual,Total employment (resident population concept - LFS),Females,From 15 to 64 years,Percentage of total population,Bulgaria,2014,57.3,,
ESTAT:LFSI_EMP_A(1.0),12/06/25 23:00:00,Annual,Total employment (resident population concept - LFS),Females,From 15 to 64 years,Percentage of total population,Bulgaria,2015,59.0,,
ESTAT:LFSI_EMP_A(1.0),12/06/25 23:00:00,Annual,Total employment (resident population concept - LFS),Females,From 15 to 64 years,Percentage of total population,Bulgaria,2016,59.2,,
ESTAT:LFSI_EMP_A(1.0),12/06/25 23:00:00,Annual,Total employment (resident population concept - LFS),Females,From 15 to 64 years,Percentage of total population,Bulgaria,2017,62.2,,
ESTAT:LFSI_EMP_A(1.0),12/06/25 23:00:00,Annual,Total employment (resident population concept - LFS),Females,From 15 to 64 years,Percentage of total population,Bulgaria,2018,63.0,,
ESTAT:LFSI_EMP_A(1.0),12/06/25 23:00:00,Annual,Total employment (resident population concept - LFS),Females,From 15 to 64 years,Percentage of total population,Bulgaria,2019,65.6,b,
ESTAT:LFSI_EMP_A(1.0),12/06/25 23:00:00,Annual,Total employment (resident population concept - LFS),Females,From 15 to 64 years,Percentage of total population,Bulgaria,2020,64.0,,
ESTAT:LFSI_EMP_A(1.0),12/06/25 23:00:00,Annual,Total employment (resident population concept - LFS),Females,From 15 to 64 years,Percentage of total population,Bulgaria,2021,64.6,,
ESTAT:LFSI_EMP_A(1.0),12/06/25 23:00:00,Annual,Total employment (resident population concept - LFS),Females,From 15 to 64 years,Percentage of total population,Bulgaria,2022,67.2,,
ESTAT:LFSI_EMP_A(1.0),12/06/25 23:00:00,Annual,Total employment (resident population concept - LFS),Females,From 15 to 64 years,Percentage of total population,Bulgaria,2023,67.4,,
ESTAT:LFSI_EMP_A(1.0),12/06/25 23:00:00,Annual,Total employment (resident population concept - LFS),Females,From 15 to 64 years,Percentage of total population,Switzerland,2014,74.1,,
ESTAT:LFSI_EMP_A(1.0),12/06/25 23:00:00,Annual,Total employment (resident population concept - LFS),Females,From 15 to 64 years,Percentage of total population,Switzerland,2015,74.7,,
ESTAT:LFSI_EMP_A(1.0),12/06/25 23:00:00,Annual,Total employment (resident population concept - LFS),Females,From 15 to 64 years,Percentage of total population,Switzerland,2016,75.4,,
ESTAT:LFSI_EMP_A(1.0),12/06/25 23:00:00,Annual,Total employment (resident population concept - LFS),Females,From 15 to 64 years,Percentage of total population,Switzerland,2017,75.2,,
ESTAT:LFSI_EMP_A(1.0),12/06/25 23:00:00,Annual,Total employment (resident population concept - LFS),Females,From 15 to 64 years,Percentage of total population,Switzerland,2018,75.7,,
ESTAT:LFSI_EMP_A(1.0),12/06/25 23:00:00,Annual,Total employment (resident population concept - LFS),Females,From 15 to 64 years,Percentage of total population,Switzerland,2019,76.3,,
ESTAT:LFSI_EMP_A(1.0),12/06/25 23:00:00,Annual,Total employment (resident population concept - LFS),Females,From 15 to 64 years,Percentage of total population,Switzerland,2020,75.9,,
ESTAT:LFSI_EMP_A(1.0),12/06/25 23:00:00,Annual,Total employment (resident population concept - LFS),Females,From 15 to 64 years,Percentage of total population,Switzerland,2021,75.8,,
ESTAT:LFSI_EMP_A(1.0),12/06/25 23:00:00,Annual,Total employment (resident population concept - LFS),Females,From 15 to 64 years,Percentage of total population,Switzerland,2022,76.1,,
ESTAT:LFSI_EMP_A(1.0),12/06/25 23:00:00,Annual,Total employment (resident population concept - LFS),Females,From 15 to 64 years,Percentage of total population,Switzerland,2023,76.8,,
ESTAT:LFSI_EMP_A(1.0),12/06/25 23:00:00,Annual,Total employment (resident population concept - LFS),Females,From 15 to 64 years,Percentage of total population,Cyprus,2014,58.6,,
ESTAT:LFSI_EMP_A(1.0),12/06/25 23:00:00,Annual,Total employment (resident population concept - LFS),Females,From 15 to 64 years,Percentage of total population,Cyprus,2015,59.0,,
ESTAT:LFSI_EMP_A(1.0),12/06/25 23:00:00,Annual,Total employment (resident population concept - LFS),Females,From 15 to 64 years,Percentage of total population,Cyprus,2016,59.3,,
ESTAT:LFSI_EMP_A(1.0),12/06/25 23:00:00,Annual,Total employment (resident population concept - LFS),Females,From 15 to 64 years,Percentage of total population,Cyprus,2017,61.4,,
ESTAT:LFSI_EMP_A(1.0),12/06/25 23:00:00,Annual,Total employment (resident population concept - LFS),Females,From 15 to 64 years,Percentage of total population,Cyprus,2018,64.2,,
ESTAT:LFSI_EMP_A(1.0),12/06/25 23:00:00,Annual,Total employment (resident population concept - LFS),Females,From 15 to 64 years,Percentage of total population,Cyprus,2019,66.6,,
ESTAT:LFSI_EMP_A(1.0),12/06/25 23:00:00,Annual,Total employment (resident population concept - LFS),Females,From 15 to 64 years,Percentage of total population,Cyprus,2020,65.5,,
ESTAT:LFSI_EMP_A(1.0),12/06/25 23:00:00,Annual,Total employment (resident population concept - LFS),Females,From 15 to 64 years,Percentage of total population,Cyprus,2021,66.9,,
ESTAT:LFSI_EMP_A(1.0),12/06/25 23:00:00,Annual,Total employment (resident population concept - LFS),Females,From 15 to 64 years,Percentage of total population,Cyprus,2022,69.5,,
ESTAT:LFSI_EMP_A(1.0),12/06/25 23:00:00,Annual,Total employment (resident population concept - LFS),Females,From 15 to 64 years,Percentage of total population,Cyprus,2023,71.4,,
ESTAT:LFSI_EMP_A(1.0),12/06/25 23:00:00,Annual,Total employment (resident population concept - LFS),Females,From 15 to 64 years,Percentage of total population,Czechia,2014,60.7,,
ESTAT:LFSI_EMP_A(1.0),12/06/25 23:00:00,Annual,Total employment (resident population concept - LFS),Females,From 15 to 64 years,Percentage of total population,Czechia,2015,62.4,,
ESTAT:LFSI_EMP_A(1.0),12/06/25 23:00:00,Annual,Total employment (resident population concept - LFS),Females,From 15 to 64 years,Percentage of total population,Czechia,2016,64.4,,
ESTAT:LFSI_EMP_A(1.0),12/06/25 23:00:00,Annual,Total employment (resident population concept - LFS),Females,From 15 to 64 years,Percentage of total population,Czechia,2017,66.2,,
ESTAT:LFSI_EMP_A(1.0),12/06/25 23:00:00,Annual,Total employment (resident population concept - LFS),Females,From 15 to 64 years,Percentage of total population,Czechia,2018,67.6,,
ESTAT:LFSI_EMP_A(1.0),12/06/25 23:00:00,Annual,Total employment (resident population concept - LFS),Females,From 15 to 64 years,Percentage of total population,Czechia,2019,68.1,,
ESTAT:LFSI_EMP_A(1.0),12/06/25 23:00:00,Annual,Total employment (resident population concept - LFS),Females,From 15 to 64 years,Percentage of total population,Czechia,2020,67.1,,
ESTAT:LFSI_EMP_A(1.0),12/06/25 23:00:00,Annual,Total employment (resident population concept - LFS),Females,From 15 to 64 years,Percentage of total population,Czechia,2021,67.1,,
ESTAT:LFSI_EMP_A(1.0),12/06/25 23:00:00,Annual,Total employment (resident population concept - LFS),Females,From 15 to 64 years,Percentage of total population,Czechia,2022,68.5,,
ESTAT:LFSI_EMP_A(1.0),12/06/25 23:00:00,Annual,Total employment (resident population concept - LFS),Females,From 15 to 64 years,Percentage of total population,Czechia,2023,68.2,,
ESTAT:LFSI_EMP_A(1.0),12/06/25 23:00:00,Annual,Total employment (resident population concept - LFS),Females,From 15 to 64 years,Percentage of total population,Germany,2014,68.6,,
ESTAT:LFSI_EMP_A(1.0),12/06/25 23:00:00,Annual,Total employment (resident population concept - LFS),Females,From 15 to 64 years,Percentage of total population,Germany,2015,69.1,,
ESTAT:LFSI_EMP_A(1.0),12/06/25 23:00:00,Annual,Total employment (resident population concept - LFS),Females,From 15 to 64 years,Percentage of total population,Germany,2016,70.0,,
ESTAT:LFSI_EMP_A(1.0),12/06/25 23:00:00,Annual,Total employment (resident population concept - LFS),Females,From 15 to 64 years,Percentage of total population,Germany,2017,70.7,,
ESTAT:LFSI_EMP_A(1.0),12/06/25 23:00:00,Annual,Total employment (resident population concept - LFS),Females,From 15 to 64 years,Percentage of total population,Germany,2018,71.3,,
ESTAT:LFSI_EMP_A(1.0),12/06/25 23:00:00,Annual,Total employment (resident population concept - LFS),Females,From 15 to 64 years,Percentage of total population,Germany,2019,72.0,,
ESTAT:LFSI_EMP_A(1.0),12/06/25 23:00:00,Annual,Total employment (resident population concept - LFS),Females,From 15 to 64 years,Percentage of total population,Germany,2020,71.1,b,
ESTAT:LFSI_EMP_A(1.0),12/06/25 23:00:00,Annual,Total employment (resident population concept - LFS),Females,From 15 to 64 years,Percentage of total population,Germany,2021,72.3,,
ESTAT:LFSI_EMP_A(1.0),12/06/25 23:00:00,Annual,Total employment (resident population concept - LFS),Females,From 15 to 64 years,Percentage of total population,Germany,2022,73.3,,
ESTAT:LFSI_EMP_A(1.0),12/06/25 23:00:00,Annual,Total employment (resident population concept - LFS),Females,From 15 to 64 years,Percentage of total population,Germany,2023,73.7,,
ESTAT:LFSI_EMP_A(1.0),12/06/25 23:00:00,Annual,Total employment (resident population concept - LFS),Females,From 15 to 64 years,Percentage of total population,Denmark,2014,68.0,,
ESTAT:LFSI_EMP_A(1.0),12/06/25 23:00:00,Annual,Total employment (resident population concept - LFS),Females,From 15 to 64 years,Percentage of total population,Denmark,2015,68.7,,
ESTAT:LFSI_EMP_A(1.0),12/06/25 23:00:00,Annual,Total employment (resident population concept - LFS),Females,From 15 to 64 years,Percentage of total population,Denmark,2016,69.8,b,
ESTAT:LFSI_EMP_A(1.0),12/06/25 23:00:00,Annual,Total employment (resident population concept - LFS),Females,From 15 to 64 years,Percentage of total population,Denmark,2017,70.5,b,
ESTAT:LFSI_EMP_A(1.0),12/06/25 23:00:00,Annual,Total employment (resident population concept - LFS),Females,From 15 to 64 years,Percentage of total population,Denmark,2018,71.3,,
ESTAT:LFSI_EMP_A(1.0),12/06/25 23:00:00,Annual,Total employment (resident population concept - LFS),Females,From 15 to 64 years,Percentage of total population,Denmark,2019,72.0,,
ESTAT:LFSI_EMP_A(1.0),12/06/25 23:00:00,Annual,Total employment (resident population concept - LFS),Females,From 15 to 64 years,Percentage of total population,Denmark,2020,71.5,,
ESTAT:LFSI_EMP_A(1.0),12/06/25 23:00:00,Annual,Total employment (resident population concept - LFS),Females,From 15 to 64 years,Percentage of total population,Denmark,2021,72.5,,
ESTAT:LFSI_EMP_A(1.0),12/06/25 23:00:00,Annual,Total employment (resident population concept - LFS),Females,From 15 to 64 years,Percentage of total population,Denmark,2022,74.5,,
ESTAT:LFSI_EMP_A(1.0),12/06/25 23:00:00,Annual,Total employment (resident population concept - LFS),Females,From 15 to 64 years,Percentage of total population,Denmark,2023,74.2,b,
ESTAT:LFSI_EMP_A(1.0),12/06/25 23:00:00,Annual,Total employment (resident population concept - LFS),Females,From 15 to 64 years,Percentage of total population,Estonia,2014,67.6,,
ESTAT:LFSI_EMP_A(1.0),12/06/25 23:00:00,Annual,Total employment (resident population concept - LFS),Females,From 15 to 64 years,Percentage of total population,Estonia,2015,69.4,,
ESTAT:LFSI_EMP_A(1.0),12/06/25 23:00:00,Annual,Total employment (resident population concept - LFS),Females,From 15 to 64 years,Percentage of total population,Estonia,2016,69.7,,
ESTAT:LFSI_EMP_A(1.0),12/06/25 23:00:00,Annual,Total employment (resident population concept - LFS),Females,From 15 to 64 years,Percentage of total population,Estonia,2017,72.4,,
ESTAT:LFSI_EMP_A(1.0),12/06/25 23:00:00,Annual,Total employment (resident population concept - LFS),Females,From 15 to 64 years,Percentage of total population,Estonia,2018,72.5,,
ESTAT:LFSI_EMP_A(1.0),12/06/25 23:00:00,Annual,Total employment (resident population concept - LFS),Females,From 15 to 64 years,Percentage of total population,Estonia,2019,73.0,,
ESTAT:LFSI_EMP_A(1.0),12/06/25 23:00:00,Annual,Total employment (resident population concept - LFS),Females,From 15 to 64 years,Percentage of total population,Estonia,2020,72.1,,
ESTAT:LFSI_EMP_A(1.0),12/06/25 23:00:00,Annual,Total employment (resident population concept - LFS),Females,From 15 to 64 years,Percentage of total population,Estonia,2021,72.4,,
ESTAT:LFSI_EMP_A(1.0),12/06/25 23:00:00,Annual,Total employment (resident population concept - LFS),Females,From 15 to 64 years,Percentage of total population,Estonia,2022,75.3,,
ESTAT:LFSI_EMP_A(1.0),12/06/25 23:00:00,Annual,Total employment (resident population concept - LFS),Females,From 15 to 64 years,Percentage of total population,Estonia,2023,75.4,,
ESTAT:LFSI_EMP_A(1.0),12/06/25 23:00:00,Annual,Total employment (resident population concept - LFS),Females,From 15 to 64 years,Percentage of total population,Greece,2014,40.7,,
ESTAT:LFSI_EMP_A(1.0),12/06/25 23:00:00,Annual,Total employment (resident population concept - LFS),Females,From 15 to 64 years,Percentage of total population,Greece,2015,42.1,,
ESTAT:LFSI_EMP_A(1.0),12/06/25 23:00:00,Annual,Total employment (resident population concept - LFS),Females,From 15 to 64 years,Percentage of total population,Greece,2016,42.8,,
ESTAT:LFSI_EMP_A(1.0),12/06/25 23:00:00,Annual,Total employment (resident population concept - LFS),Females,From 15 to 64 years,Percentage of total population,Greece,2017,43.9,,
ESTAT:LFSI_EMP_A(1.0),12/06/25 23:00:00,Annual,Total employment (resident population concept - LFS),Females,From 15 to 64 years,Percentage of total population,Greece,2018,44.6,,
ESTAT:LFSI_EMP_A(1.0),12/06/25 23:00:00,Annual,Total employment (resident population concept - LFS),Females,From 15 to 64 years,Percentage of total population,Greece,2019,46.6,,
ESTAT:LFSI_EMP_A(1.0),12/06/25 23:00:00,Annual,Total employment (resident population concept - LFS),Females,From 15 to 64 years,Percentage of total population,Greece,2020,44.7,,
ESTAT:LFSI_EMP_A(1.0),12/06/25 23:00:00,Annual,Total employment (resident population concept - LFS),Females,From 15 to 64 years,Percentage of total population,Greece,2021,48.2,,
ESTAT:LFSI_EMP_A(1.0),12/06/25 23:00:00,Annual,Total employment (resident population concept - LFS),Females,From 15 to 64 years,Percentage of total population,Greece,2022,51.2,,
ESTAT:LFSI_EMP_A(1.0),12/06/25 23:00:00,Annual,Total employment (resident population concept - LFS),Females,From 15 to 64 years,Percentage of total population,Greece,2023,52.8,,
ESTAT:LFSI_EMP_A(1.0),12/06/25 23:00:00,Annual,Total employment (resident population concept - LFS),Females,From 15 to 64 years,Percentage of total population,Spain,2014,51.2,,
ESTAT:LFSI_EMP_A(1.0),12/06/25 23:00:00,Annual,Total employment (resident population concept - LFS),Females,From 15 to 64 years,Percentage of total population,Spain,2015,52.7,,
ESTAT:LFSI_EMP_A(1.0),12/06/25 23:00:00,Annual,Total employment (resident population concept - LFS),Females,From 15 to 64 years,Percentage of total population,Spain,2016,54.3,,
ESTAT:LFSI_EMP_A(1.0),12/06/25 23:00:00,Annual,Total employment (resident population concept - LFS),Females,From 15 to 64 years,Percentage of total population,Spain,2017,55.7,,
ESTAT:LFSI_EMP_A(1.0),12/06/25 23:00:00,Annual,Total employment (resident population concept - LFS),Females,From 15 to 64 years,Percentage of total population,Spain,2018,56.9,,
ESTAT:LFSI_EMP_A(1.0),12/06/25 23:00:00,Annual,Total employment (resident population concept - LFS),Females,From 15 to 64 years,Percentage of total population,Spain,2019,57.9,,
ESTAT:LFSI_EMP_A(1.0),12/06/25 23:00:00,Annual,Total employment (resident population concept - LFS),Females,From 15 to 64 years,Percentage of total population,Spain,2020,55.7,,
ESTAT:LFSI_EMP_A(1.0),12/06/25 23:00:00,Annual,Total employment (resident population concept - LFS),Females,From 15 to 64 years,Percentage of total population,Spain,2021,57.7,d,
ESTAT:LFSI_EMP_A(1.0),12/06/25 23:00:00,Annual,Total employment (resident population concept - LFS),Females,From 15 to 64 years,Percentage of total population,Spain,2022,59.2,d,
ESTAT:LFSI_EMP_A(1.0),12/06/25 23:00:00,Annual,Total employment (resident population concept - LFS),Females,From 15 to 64 years,Percentage of total population,Spain,2023,60.7,d,
ESTAT:LFSI_EMP_A(1.0),12/06/25 23:00:00,Annual,Total employment (resident population concept - LFS),Females,From 15 to 64 years,Percentage of total population,Finland,2014,67.1,,
ESTAT:LFSI_EMP_A(1.0),12/06/25 23:00:00,Annual,Total employment (resident population concept - LFS),Females,From 15 to 64 years,Percentage of total population,Finland,2015,66.8,,
ESTAT:LFSI_EMP_A(1.0),12/06/25 23:00:00,Annual,Total employment (resident population concept - LFS),Females,From 15 to 64 years,Percentage of total population,Finland,2016,66.8,,
ESTAT:LFSI_EMP_A(1.0),12/06/25 23:00:00,Annual,Total employment (resident population concept - LFS),Females,From 15 to 64 years,Percentage of total population,Finland,2017,67.5,,
ESTAT:LFSI_EMP_A(1.0),12/06/25 23:00:00,Annual,Total employment (resident population concept - LFS),Females,From 15 to 64 years,Percentage of total population,Finland,2018,69.7,,
ESTAT:LFSI_EMP_A(1.0),12/06/25 23:00:00,Annual,Total employment (resident population concept - LFS),Females,From 15 to 64 years,Percentage of total population,Finland,2019,70.6,,
ESTAT:LFSI_EMP_A(1.0),12/06/25 23:00:00,Annual,Total employment (resident population concept - LFS),Females,From 15 to 64 years,Percentage of total population,Finland,2020,69.6,,
ESTAT:LFSI_EMP_A(1.0),12/06/25 23:00:00,Annual,Total employment (resident population concept - LFS),Females,From 15 to 64 years,Percentage of total population,Finland,2021,71.7,,
ESTAT:LFSI_EMP_A(1.0),12/06/25 23:00:00,Annual,Total employment (resident population concept - LFS),Females,From 15 to 64 years,Percentage of total population,Finland,2022,73.9,,
ESTAT:LFSI_EMP_A(1.0),12/06/25 23:00:00,Annual,Total employment (resident population concept - LFS),Females,From 15 to 64 years,Percentage of total population,Finland,2023,74.1,,
ESTAT:LFSI_EMP_A(1.0),12/06/25 23:00:00,Annual,Total employment (resident population concept - LFS),Females,From 15 to 64 years,Percentage of total population,France,2014,61.8,,
ESTAT:LFSI_EMP_A(1.0),12/06/25 23:00:00,Annual,Total employment (resident population concept - LFS),Females,From 15 to 64 years,Percentage of total population,France,2015,62.1,,
ESTAT:LFSI_EMP_A(1.0),12/06/25 23:00:00,Annual,Total employment (resident population concept - LFS),Females,From 15 to 64 years,Percentage of total population,France,2016,62.4,,
ESTAT:LFSI_EMP_A(1.0),12/06/25 23:00:00,Annual,Total employment (resident population concept - LFS),Females,From 15 to 64 years,Percentage of total population,France,2017,62.6,,
ESTAT:LFSI_EMP_A(1.0),12/06/25 23:00:00,Annual,Total employment (resident population concept - LFS),Females,From 15 to 64 years,Percentage of total population,France,2018,63.3,,
ESTAT:LFSI_EMP_A(1.0),12/06/25 23:00:00,Annual,Total employment (resident population concept - LFS),Females,From 15 to 64 years,Percentage of total population,France,2019,63.8,,
ESTAT:LFSI_EMP_A(1.0),12/06/25 23:00:00,Annual,Total employment (resident population concept - LFS),Females,From 15 to 64 years,Percentage of total population,France,2020,63.6,,
ESTAT:LFSI_EMP_A(1.0),12/06/25 23:00:00,Annual,Total employment (resident population concept - LFS),Females,From 15 to 64 years,Percentage of total population,France,2021,64.5,d,
ESTAT:LFSI_EMP_A(1.0),12/06/25 23:00:00,Annual,Total employment (resident population concept - LFS),Females,From 15 to 64 years,Percentage of total population,France,2022,65.6,d,
ESTAT:LFSI_EMP_A(1.0),12/06/25 23:00:00,Annual,Total employment (resident population concept - LFS),Females,From 15 to 64 years,Percentage of total population,France,2023,66.0,d,
ESTAT:LFSI_EMP_A(1.0),12/06/25 23:00:00,Annual,Total employment (resident population concept - LFS),Females,From 15 to 64 years,Percentage of total population,Croatia,2014,50.0,,
ESTAT:LFSI_EMP_A(1.0),12/06/25 23:00:00,Annual,Total employment (resident population concept - LFS),Females,From 15 to 64 years,Percentage of total population,Croatia,2015,51.6,,
ESTAT:LFSI_EMP_A(1.0),12/06/25 23:00:00,Annual,Total employment (resident population concept - LFS),Females,From 15 to 64 years,Percentage of total population,Croatia,2016,52.4,,
ESTAT:LFSI_EMP_A(1.0),12/06/25 23:00:00,Annual,Total employment (resident population concept - LFS),Females,From 15 to 64 years,Percentage of total population,Croatia,2017,54.0,,
ESTAT:LFSI_EMP_A(1.0),12/06/25 23:00:00,Annual,Total employment (resident population concept - LFS),Females,From 15 to 64 years,Percentage of total population,Croatia,2018,55.7,,
ESTAT:LFSI_EMP_A(1.0),12/06/25 23:00:00,Annual,Total employment (resident population concept - LFS),Females,From 15 to 64 years,Percentage of total population,Croatia,2019,57.1,,
ESTAT:LFSI_EMP_A(1.0),12/06/25 23:00:00,Annual,Total employment (resident population concept - LFS),Females,From 15 to 64 years,Percentage of total population,Croatia,2020,57.1,,
ESTAT:LFSI_EMP_A(1.0),12/06/25 23:00:00,Annual,Total employment (resident population concept - LFS),Females,From 15 to 64 years,Percentage of total population,Croatia,2021,59.1,,
ESTAT:LFSI_EMP_A(1.0),12/06/25 23:00:00,Annual,Total employment (resident population concept - LFS),Females,From 15 to 64 years,Percentage of total population,Croatia,2022,60.8,,
ESTAT:LFSI_EMP_A(1.0),12/06/25 23:00:00,Annual,Total employment (resident population concept - LFS),Females,From 15 to 64 years,Percentage of total population,Croatia,2023,62.1,,
ESTAT:LFSI_EMP_A(1.0),12/06/25 23:00:00,Annual,Total employment (resident population concept - LFS),Females,From 15 to 64 years,Percentage of total population,Hungary,2014,59.5,,
ESTAT:LFSI_EMP_A(1.0),12/06/25 23:00:00,Annual,Total employment (resident population concept - LFS),Females,From 15 to 64 years,Percentage of total population,Hungary,2015,61.5,,
ESTAT:LFSI_EMP_A(1.0),12/06/25 23:00:00,Annual,Total employment (resident population concept - LFS),Females,From 15 to 64 years,Percentage of total population,Hungary,2016,64.2,,
ESTAT:LFSI_EMP_A(1.0),12/06/25 23:00:00,Annual,Total employment (resident population concept - LFS),Females,From 15 to 64 years,Percentage of total population,Hungary,2017,65.2,,
ESTAT:LFSI_EMP_A(1.0),12/06/25 23:00:00,Annual,Total employment (resident population concept - LFS),Females,From 15 to 64 years,Percentage of total population,Hungary,2018,66.7,b,
ESTAT:LFSI_EMP_A(1.0),12/06/25 23:00:00,Annual,Total employment (resident population concept - LFS),Females,From 15 to 64 years,Percentage of total population,Hungary,2019,67.2,,
ESTAT:LFSI_EMP_A(1.0),12/06/25 23:00:00,Annual,Total employment (resident population concept - LFS),Females,From 15 to 64 years,Percentage of total population,Hungary,2020,67.0,,
ESTAT:LFSI_EMP_A(1.0),12/06/25 23:00:00,Annual,Total employment (resident population concept - LFS),Females,From 15 to 64 years,Percentage of total population,Hungary,2021,68.3,,
ESTAT:LFSI_EMP_A(1.0),12/06/25 23:00:00,Annual,Total employment (resident population concept - LFS),Females,From 15 to 64 years,Percentage of total population,Hungary,2022,70.0,,
ESTAT:LFSI_EMP_A(1.0),12/06/25 23:00:00,Annual,Total employment (resident population concept - LFS),Females,From 15 to 64 years,Percentage of total population,Hungary,2023,70.6,,
ESTAT:LFSI_EMP_A(1.0),12/06/25 23:00:00,Annual,Total employment (resident population concept - LFS),Females,From 15 to 64 years,Percentage of total population,Ireland,2014,58.0,,
ESTAT:LFSI_EMP_A(1.0),12/06/25 23:00:00,Annual,Total employment (resident population concept - LFS),Females,From 15 to 64 years,Percentage of total population,Ireland,2015,59.3,,
ESTAT:LFSI_EMP_A(1.0),12/06/25 23:00:00,Annual,Total employment (resident population concept - LFS),Females,From 15 to 64 years,Percentage of total population,Ireland,2016,61.1,,
ESTAT:LFSI_EMP_A(1.0),12/06/25 23:00:00,Annual,Total employment (resident population concept - LFS),Females,From 15 to 64 years,Percentage of total population,Ireland,2017,62.3,,
ESTAT:LFSI_EMP_A(1.0),12/06/25 23:00:00,Annual,Total employment (resident population concept - LFS),Females,From 15 to 64 years,Percentage of total population,Ireland,2018,63.0,,
ESTAT:LFSI_EMP_A(1.0),12/06/25 23:00:00,Annual,Total employment (resident population concept - LFS),Females,From 15 to 64 years,Percentage of total population,Ireland,2019,64.0,,
ESTAT:LFSI_EMP_A(1.0),12/06/25 23:00:00,Annual,Total employment (resident population concept - LFS),Females,From 15 to 64 years,Percentage of total population,Ireland,2020,60.9,,
ESTAT:LFSI_EMP_A(1.0),12/06/25 23:00:00,Annual,Total employment (resident population concept - LFS),Females,From 15 to 64 years,Percentage of total population,Ireland,2021,65.5,b,
ESTAT:LFSI_EMP_A(1.0),12/06/25 23:00:00,Annual,Total employment (resident population concept - LFS),Females,From 15 to 64 years,Percentage of total population,Ireland,2022,68.4,,
ESTAT:LFSI_EMP_A(1.0),12/06/25 23:00:00,Annual,Total employment (resident population concept - LFS),Females,From 15 to 64 years,Percentage of total population,Ireland,2023,69.9,,
ESTAT:LFSI_EMP_A(1.0),12/06/25 23:00:00,Annual,Total employment (resident population concept - LFS),Females,From 15 to 64 years,Percentage of total population,Iceland,2014,80.5,,
ESTAT:LFSI_EMP_A(1.0),12/06/25 23:00:00,Annual,Total employment (resident population concept - LFS),Females,From 15 to 64 years,Percentage of total population,Iceland,2015,82.3,,
ESTAT:LFSI_EMP_A(1.0),12/06/25 23:00:00,Annual,Total employment (resident population concept - LFS),Females,From 15 to 64 years,Percentage of total population,Iceland,2016,83.6,,
ESTAT:LFSI_EMP_A(1.0),12/06/25 23:00:00,Annual,Total employment (resident population concept - LFS),Females,From 15 to 64 years,Percentage of total population,Iceland,2017,83.5,,
ESTAT:LFSI_EMP_A(1.0),12/06/25 23:00:00,Annual,Total employment (resident population concept - LFS),Females,From 15 to 64 years,Percentage of total population,Iceland,2018,82.5,,
ESTAT:LFSI_EMP_A(1.0),12/06/25 23:00:00,Annual,Total employment (resident population concept - LFS),Females,From 15 to 64 years,Percentage of total population,Iceland,2019,81.9,,
ESTAT:LFSI_EMP_A(1.0),12/06/25 23:00:00,Annual,Total employment (resident population concept - LFS),Females,From 15 to 64 years,Percentage of total population,Iceland,2020,77.8,b,
ESTAT:LFSI_EMP_A(1.0),12/06/25 23:00:00,Annual,Total employment (resident population concept - LFS),Females,From 15 to 64 years,Percentage of total population,Iceland,2021,76.8,,
ESTAT:LFSI_EMP_A(1.0),12/06/25 23:00:00,Annual,Total employment (resident population concept - LFS),Females,From 15 to 64 years,Percentage of total population,Iceland,2022,81.2,,
ESTAT:LFSI_EMP_A(1.0),12/06/25 23:00:00,Annual,Total employment (resident population concept - LFS),Females,From 15 to 64 years,Percentage of total population,Iceland,2023,81.3,,
ESTAT:LFSI_EMP_A(1.0),12/06/25 23:00:00,Annual,Total employment (resident population concept - LFS),Females,From 15 to 64 years,Percentage of total population,Italy,2014,46.7,,
ESTAT:LFSI_EMP_A(1.0),12/06/25 23:00:00,Annual,Total employment (resident population concept - LFS),Females,From 15 to 64 years,Percentage of total population,Italy,2015,47.0,,
ESTAT:LFSI_EMP_A(1.0),12/06/25 23:00:00,Annual,Total employment (resident population concept - LFS),Females,From 15 to 64 years,Percentage of total population,Italy,2016,48.0,,
ESTAT:LFSI_EMP_A(1.0),12/06/25 23:00:00,Annual,Total employment (resident population concept - LFS),Females,From 15 to 64 years,Percentage of total population,Italy,2017,48.9,,
ESTAT:LFSI_EMP_A(1.0),12/06/25 23:00:00,Annual,Total employment (resident population concept - LFS),Females,From 15 to 64 years,Percentage of total population,Italy,2018,49.5,b,
ESTAT:LFSI_EMP_A(1.0),12/06/25 23:00:00,Annual,Total employment (resident population concept - LFS),Females,From 15 to 64 years,Percentage of total population,Italy,2019,50.2,,
ESTAT:LFSI_EMP_A(1.0),12/06/25 23:00:00,Annual,Total employment (resident population concept - LFS),Females,From 15 to 64 years,Percentage of total population,Italy,2020,48.4,,
ESTAT:LFSI_EMP_A(1.0),12/06/25 23:00:00,Annual,Total employment (resident population concept - LFS),Females,From 15 to 64 years,Percentage of total population,Italy,2021,49.4,,
ESTAT:LFSI_EMP_A(1.0),12/06/25 23:00:00,Annual,Total employment (resident population concept - LFS),Females,From 15 to 64 years,Percentage of total population,Italy,2022,51.1,,
ESTAT:LFSI_EMP_A(1.0),12/06/25 23:00:00,Annual,Total employment (resident population concept - LFS),Females,From 15 to 64 years,Percentage of total population,Italy,2023,52.5,,
ESTAT:LFSI_EMP_A(1.0),12/06/25 23:00:00,Annual,Total employment (resident population concept - LFS),Females,From 15 to 64 years,Percentage of total population,Lithuania,2014,64.9,,
ESTAT:LFSI_EMP_A(1.0),12/06/25 23:00:00,Annual,Total employment (resident population concept - LFS),Females,From 15 to 64 years,Percentage of total population,Lithuania,2015,66.5,,
ESTAT:LFSI_EMP_A(1.0),12/06/25 23:00:00,Annual,Total employment (resident population concept - LFS),Females,From 15 to 64 years,Percentage of total population,Lithuania,2016,68.8,,
ESTAT:LFSI_EMP_A(1.0),12/06/25 23:00:00,Annual,Total employment (resident population concept - LFS),Females,From 15 to 64 years,Percentage of total population,Lithuania,2017,70.2,,
ESTAT:LFSI_EMP_A(1.0),12/06/25 23:00:00,Annual,Total employment (resident population concept - LFS),Females,From 15 to 64 years,Percentage of total population,Lithuania,2018,71.6,,
ESTAT:LFSI_EMP_A(1.0),12/06/25 23:00:00,Annual,Total employment (resident population concept - LFS),Females,From 15 to 64 years,Percentage of total population,Lithuania,2019,72.5,,
ESTAT:LFSI_EMP_A(1.0),12/06/25 23:00:00,Annual,Total employment (resident population concept - LFS),Females,From 15 to 64 years,Percentage of total population,Lithuania,2020,71.0,,
ESTAT:LFSI_EMP_A(1.0),12/06/25 23:00:00,Annual,Total employment (resident population concept - LFS),Females,From 15 to 64 years,Percentage of total population,Lithuania,2021,71.9,,
ESTAT:LFSI_EMP_A(1.0),12/06/25 23:00:00,Annual,Total employment (resident population concept - LFS),Females,From 15 to 64 years,Percentage of total population,Lithuania,2022,73.6,,
ESTAT:LFSI_EMP_A(1.0),12/06/25 23:00:00,Annual,Total employment (resident population concept - LFS),Females,From 15 to 64 years,Percentage of total population,Lithuania,2023,72.6,,
ESTAT:LFSI_EMP_A(1.0),12/06/25 23:00:00,Annual,Total employment (resident population concept - LFS),Females,From 15 to 64 years,Percentage of total population,Luxembourg,2014,60.5,,
ESTAT:LFSI_EMP_A(1.0),12/06/25 23:00:00,Annual,Total employment (resident population concept - LFS),Females,From 15 to 64 years,Percentage of total population,Luxembourg,2015,60.8,b,
ESTAT:LFSI_EMP_A(1.0),12/06/25 23:00:00,Annual,Total employment (resident population concept - LFS),Females,From 15 to 64 years,Percentage of total population,Luxembourg,2016,60.4,,
ESTAT:LFSI_EMP_A(1.0),12/06/25 23:00:00,Annual,Total employment (resident population concept - LFS),Females,From 15 to 64 years,Percentage of total population,Luxembourg,2017,62.5,,
ESTAT:LFSI_EMP_A(1.0),12/06/25 23:00:00,Annual,Total employment (resident population concept - LFS),Females,From 15 to 64 years,Percentage of total population,Luxembourg,2018,63.4,,
ESTAT:LFSI_EMP_A(1.0),12/06/25 23:00:00,Annual,Total employment (resident population concept - LFS),Females,From 15 to 64 years,Percentage of total population,Luxembourg,2019,63.6,,
ESTAT:LFSI_EMP_A(1.0),12/06/25 23:00:00,Annual,Total employment (resident population concept - LFS),Females,From 15 to 64 years,Percentage of total population,Luxembourg,2020,63.9,,
ESTAT:LFSI_EMP_A(1.0),12/06/25 23:00:00,Annual,Total employment (resident population concept - LFS),Females,From 15 to 64 years,Percentage of total population,Luxembourg,2021,66.0,,
ESTAT:LFSI_EMP_A(1.0),12/06/25 23:00:00,Annual,Total employment (resident population concept - LFS),Females,From 15 to 64 years,Percentage of total population,Luxembourg,2022,67.1,,
ESTAT:LFSI_EMP_A(1.0),12/06/25 23:00:00,Annual,Total employment (resident population concept - LFS),Females,From 15 to 64 years,Percentage of total population,Luxembourg,2023,66.8,,
ESTAT:LFSI_EMP_A(1.0),12/06/25 23:00:00,Annual,Total employment (resident population concept - LFS),Females,From 15 to 64 years,Percentage of total population,Latvia,2014,64.2,,
ESTAT:LFSI_EMP_A(1.0),12/06/25 23:00:00,Annual,Total employment (resident population concept - LFS),Females,From 15 to 64 years,Percentage of total population,Latvia,2015,66.3,,
ESTAT:LFSI_EMP_A(1.0),12/06/25 23:00:00,Annual,Total employment (resident population concept - LFS),Females,From 15 to 64 years,Percentage of total population,Latvia,2016,67.4,,
ESTAT:LFSI_EMP_A(1.0),12/06/25 23:00:00,Annual,Total employment (resident population concept - LFS),Females,From 15 to 64 years,Percentage of total population,Latvia,2017,68.3,,
ESTAT:LFSI_EMP_A(1.0),12/06/25 23:00:00,Annual,Total employment (resident population concept - LFS),Females,From 15 to 64 years,Percentage of total population,Latvia,2018,70.0,,
ESTAT:LFSI_EMP_A(1.0),12/06/25 23:00:00,Annual,Total employment (resident population concept - LFS),Females,From 15 to 64 years,Percentage of total population,Latvia,2019,70.7,,
ESTAT:LFSI_EMP_A(1.0),12/06/25 23:00:00,Annual,Total employment (resident population concept - LFS),Females,From 15 to 64 years,Percentage of total population,Latvia,2020,70.0,,
ESTAT:LFSI_EMP_A(1.0),12/06/25 23:00:00,Annual,Total employment (resident population concept - LFS),Females,From 15 to 64 years,Percentage of total population,Latvia,2021,68.0,,
ESTAT:LFSI_EMP_A(1.0),12/06/25 23:00:00,Annual,Total employment (resident population concept - LFS),Females,From 15 to 64 years,Percentage of total population,Latvia,2022,70.2,,
ESTAT:LFSI_EMP_A(1.0),12/06/25 23:00:00,Annual,Total employment (resident population concept - LFS),Females,From 15 to 64 years,Percentage of total population,Latvia,2023,70.2,,
ESTAT:LFSI_EMP_A(1.0),12/06/25 23:00:00,Annual,Total employment (resident population concept - LFS),Females,From 15 to 64 years,Percentage of total population,Montenegro,2014,45.3,,
ESTAT:LFSI_EMP_A(1.0),12/06/25 23:00:00,Annual,Total employment (resident population concept - LFS),Females,From 15 to 64 years,Percentage of total population,Montenegro,2015,46.9,,
ESTAT:LFSI_EMP_A(1.0),12/06/25 23:00:00,Annual,Total employment (resident population concept - LFS),Females,From 15 to 64 years,Percentage of total population,Montenegro,2016,46.8,,
ESTAT:LFSI_EMP_A(1.0),12/06/25 23:00:00,Annual,Total employment (resident population concept - LFS),Females,From 15 to 64 years,Percentage of total population,Montenegro,2017,46.8,,
ESTAT:LFSI_EMP_A(1.0),12/06/25 23:00:00,Annual,Total employment (resident population concept - LFS),Females,From 15 to 64 years,Percentage of total population,Montenegro,2018,48.4,,
ESTAT:LFSI_EMP_A(1.0),12/06/25 23:00:00,Annual,Total employment (resident population concept - LFS),Females,From 15 to 64 years,Percentage of total population,Montenegro,2019,49.7,,
ESTAT:LFSI_EMP_A(1.0),12/06/25 23:00:00,Annual,Total employment (resident population concept - LFS),Females,From 15 to 64 years,Percentage of total population,Montenegro,2020,44.4,,
ESTAT:LFSI_EMP_A(1.0),12/06/25 23:00:00,Annual,Total employment (resident population concept - LFS),Females,From 15 to 64 years,Percentage of total population,Montenegro,2021,,,
ESTAT:LFSI_EMP_A(1.0),12/06/25 23:00:00,Annual,Total employment (resident population concept - LFS),Females,From 15 to 64 years,Percentage of total population,Montenegro,2022,,,
ESTAT:LFSI_EMP_A(1.0),12/06/25 23:00:00,Annual,Total employment (resident population concept - LFS),Females,From 15 to 64 years,Percentage of total population,Montenegro,2023,,,
ESTAT:LFSI_EMP_A(1.0),12/06/25 23:00:00,Annual,Total employment (resident population concept - LFS),Females,From 15 to 64 years,Percentage of total population,North Macedonia,2014,37.4,,
ESTAT:LFSI_EMP_A(1.0),12/06/25 23:00:00,Annual,Total employment (resident population concept - LFS),Females,From 15 to 64 years,Percentage of total population,North Macedonia,2015,38.8,,
ESTAT:LFSI_EMP_A(1.0),12/06/25 23:00:00,Annual,Total employment (resident population concept - LFS),Females,From 15 to 64 years,Percentage of total population,North Macedonia,2016,39.2,,
ESTAT:LFSI_EMP_A(1.0),12/06/25 23:00:00,Annual,Total employment (resident population concept - LFS),Females,From 15 to 64 years,Percentage of total population,North Macedonia,2017,40.3,,
ESTAT:LFSI_EMP_A(1.0),12/06/25 23:00:00,Annual,Total employment (resident population concept - LFS),Females,From 15 to 64 years,Percentage of total population,North Macedonia,2018,41.7,,
ESTAT:LFSI_EMP_A(1.0),12/06/25 23:00:00,Annual,Total employment (resident population concept - LFS),Females,From 15 to 64 years,Percentage of total population,North Macedonia,2019,44.7,,
ESTAT:LFSI_EMP_A(1.0),12/06/25 23:00:00,Annual,Total employment (resident population concept - LFS),Females,From 15 to 64 years,Percentage of total population,North Macedonia,2020,45.3,,
ESTAT:LFSI_EMP_A(1.0),12/06/25 23:00:00,Annual,Total employment (resident population concept - LFS),Females,From 15 to 64 years,Percentage of total population,North Macedonia,2021,,,
ESTAT:LFSI_EMP_A(1.0),12/06/25 23:00:00,Annual,Total employment (resident population concept - LFS),Females,From 15 to 64 years,Percentage of total population,North Macedonia,2022,,,
ESTAT:LFSI_EMP_A(1.0),12/06/25 23:00:00,Annual,Total employment (resident population concept - LFS),Females,From 15 to 64 years,Percentage of total population,North Macedonia,2023,,,
ESTAT:LFSI_EMP_A(1.0),12/06/25 23:00:00,Annual,Total employment (resident population concept - LFS),Females,From 15 to 64 years,Percentage of total population,Malta,2014,51.6,,
ESTAT:LFSI_EMP_A(1.0),12/06/25 23:00:00,Annual,Total employment (resident population concept - LFS),Females,From 15 to 64 years,Percentage of total population,Malta,2015,52.5,,
ESTAT:LFSI_EMP_A(1.0),12/06/25 23:00:00,Annual,Total employment (resident population concept - LFS),Females,From 15 to 64 years,Percentage of total population,Malta,2016,55.0,,
ESTAT:LFSI_EMP_A(1.0),12/06/25 23:00:00,Annual,Total employment (resident population concept - LFS),Females,From 15 to 64 years,Percentage of total population,Malta,2017,57.6,,
ESTAT:LFSI_EMP_A(1.0),12/06/25 23:00:00,Annual,Total employment (resident population concept - LFS),Females,From 15 to 64 years,Percentage of total population,Malta,2018,60.7,,
ESTAT:LFSI_EMP_A(1.0),12/06/25 23:00:00,Annual,Total employment (resident population concept - LFS),Females,From 15 to 64 years,Percentage of total population,Malta,2019,61.0,,
ESTAT:LFSI_EMP_A(1.0),12/06/25 23:00:00,Annual,Total employment (resident population concept - LFS),Females,From 15 to 64 years,Percentage of total population,Malta,2020,62.7,,
ESTAT:LFSI_EMP_A(1.0),12/06/25 23:00:00,Annual,Total employment (resident population concept - LFS),Females,From 15 to 64 years,Percentage of total population,Malta,2021,65.4,,
ESTAT:LFSI_EMP_A(1.0),12/06/25 23:00:00,Annual,Total employment (resident population concept - LFS),Females,From 15 to 64 years,Percentage of total population,Malta,2022,69.7,,
ESTAT:LFSI_EMP_A(1.0),12/06/25 23:00:00,Annual,Total employment (resident population concept - LFS),Females,From 15 to 64 years,Percentage of total population,Malta,2023,70.3,,
ESTAT:LFSI_EMP_A(1.0),12/06/25 23:00:00,Annual,Total employment (resident population concept - LFS),Females,From 15 to 64 years,Percentage of total population,Netherlands,2014,69.9,,
ESTAT:LFSI_EMP_A(1.0),12/06/25 23:00:00,Annual,Total employment (resident population concept - LFS),Females,From 15 to 64 years,Percentage of total population,Netherlands,2015,71.0,,
ESTAT:LFSI_EMP_A(1.0),12/06/25 23:00:00,Annual,Total employment (resident population concept - LFS),Females,From 15 to 64 years,Percentage of total population,Netherlands,2016,71.9,,
ESTAT:LFSI_EMP_A(1.0),12/06/25 23:00:00,Annual,Total employment (resident population concept - LFS),Females,From 15 to 64 years,Percentage of total population,Netherlands,2017,73.1,,
ESTAT:LFSI_EMP_A(1.0),12/06/25 23:00:00,Annual,Total employment (resident population concept - LFS),Females,From 15 to 64 years,Percentage of total population,Netherlands,2018,74.6,,
ESTAT:LFSI_EMP_A(1.0),12/06/25 23:00:00,Annual,Total employment (resident population concept - LFS),Females,From 15 to 64 years,Percentage of total population,Netherlands,2019,75.9,,
ESTAT:LFSI_EMP_A(1.0),12/06/25 23:00:00,Annual,Total employment (resident population concept - LFS),Females,From 15 to 64 years,Percentage of total population,Netherlands,2020,75.7,,
ESTAT:LFSI_EMP_A(1.0),12/06/25 23:00:00,Annual,Total employment (resident population concept - LFS),Females,From 15 to 64 years,Percentage of total population,Netherlands,2021,76.6,,
ESTAT:LFSI_EMP_A(1.0),12/06/25 23:00:00,Annual,Total employment (resident population concept - LFS),Females,From 15 to 64 years,Percentage of total population,Netherlands,2022,78.1,,
ESTAT:LFSI_EMP_A(1.0),12/06/25 23:00:00,Annual,Total employment (resident population concept - LFS),Females,From 15 to 64 years,Percentage of total population,Netherlands,2023,78.9,,
ESTAT:LFSI_EMP_A(1.0),12/06/25 23:00:00,Annual,Total employment (resident population concept - LFS),Females,From 15 to 64 years,Percentage of total population,Norway,2014,74.3,,
ESTAT:LFSI_EMP_A(1.0),12/06/25 23:00:00,Annual,Total employment (resident population concept - LFS),Females,From 15 to 64 years,Percentage of total population,Norway,2015,74.1,,
ESTAT:LFSI_EMP_A(1.0),12/06/25 23:00:00,Annual,Total employment (resident population concept - LFS),Females,From 15 to 64 years,Percentage of total population,Norway,2016,74.2,,
ESTAT:LFSI_EMP_A(1.0),12/06/25 23:00:00,Annual,Total employment (resident population concept - LFS),Females,From 15 to 64 years,Percentage of total population,Norway,2017,73.9,,
ESTAT:LFSI_EMP_A(1.0),12/06/25 23:00:00,Annual,Total employment (resident population concept - LFS),Females,From 15 to 64 years,Percentage of total population,Norway,2018,74.2,,
ESTAT:LFSI_EMP_A(1.0),12/06/25 23:00:00,Annual,Total employment (resident population concept - LFS),Females,From 15 to 64 years,Percentage of total population,Norway,2019,74.6,,
ESTAT:LFSI_EMP_A(1.0),12/06/25 23:00:00,Annual,Total employment (resident population concept - LFS),Females,From 15 to 64 years,Percentage of total population,Norway,2020,74.3,,
ESTAT:LFSI_EMP_A(1.0),12/06/25 23:00:00,Annual,Total employment (resident population concept - LFS),Females,From 15 to 64 years,Percentage of total population,Norway,2021,74.3,,
ESTAT:LFSI_EMP_A(1.0),12/06/25 23:00:00,Annual,Total employment (resident population concept - LFS),Females,From 15 to 64 years,Percentage of total population,Norway,2022,75.4,,
ESTAT:LFSI_EMP_A(1.0),12/06/25 23:00:00,Annual,Total employment (resident population concept - LFS),Females,From 15 to 64 years,Percentage of total population,Norway,2023,75.3,,
ESTAT:LFSI_EMP_A(1.0),12/06/25 23:00:00,Annual,Total employment (resident population concept - LFS),Females,From 15 to 64 years,Percentage of total population,Poland,2014,54.0,,
ESTAT:LFSI_EMP_A(1.0),12/06/25 23:00:00,Annual,Total employment (resident population concept - LFS),Females,From 15 to 64 years,Percentage of total population,Poland,2015,55.6,,
ESTAT:LFSI_EMP_A(1.0),12/06/25 23:00:00,Annual,Total employment (resident population concept - LFS),Females,From 15 to 64 years,Percentage of total population,Poland,2016,57.3,,
ESTAT:LFSI_EMP_A(1.0),12/06/25 23:00:00,Annual,Total employment (resident population concept - LFS),Females,From 15 to 64 years,Percentage of total population,Poland,2017,58.9,,
ESTAT:LFSI_EMP_A(1.0),12/06/25 23:00:00,Annual,Total employment (resident population concept - LFS),Females,From 15 to 64 years,Percentage of total population,Poland,2018,60.3,,
ESTAT:LFSI_EMP_A(1.0),12/06/25 23:00:00,Annual,Total employment (resident population concept - LFS),Females,From 15 to 64 years,Percentage of total population,Poland,2019,61.0,b,
ESTAT:LFSI_EMP_A(1.0),12/06/25 23:00:00,Annual,Total employment (resident population concept - LFS),Females,From 15 to 64 years,Percentage of total population,Poland,2020,61.1,,
ESTAT:LFSI_EMP_A(1.0),12/06/25 23:00:00,Annual,Total employment (resident population concept - LFS),Females,From 15 to 64 years,Percentage of total population,Poland,2021,64.0,,
ESTAT:LFSI_EMP_A(1.0),12/06/25 23:00:00,Annual,Total employment (resident population concept - LFS),Females,From 15 to 64 years,Percentage of total population,Poland,2022,65.5,,
ESTAT:LFSI_EMP_A(1.0),12/06/25 23:00:00,Annual,Total employment (resident population concept - LFS),Females,From 15 to 64 years,Percentage of total population,Poland,2023,66.9,,
ESTAT:LFSI_EMP_A(1.0),12/06/25 23:00:00,Annual,Total employment (resident population concept - LFS),Females,From 15 to 64 years,Percentage of total population,Portugal,2014,58.5,,
ESTAT:LFSI_EMP_A(1.0),12/06/25 23:00:00,Annual,Total employment (resident population concept - LFS),Females,From 15 to 64 years,Percentage of total population,Portugal,2015,60.1,,
ESTAT:LFSI_EMP_A(1.0),12/06/25 23:00:00,Annual,Total employment (resident population concept - LFS),Females,From 15 to 64 years,Percentage of total population,Portugal,2016,61.6,,
ESTAT:LFSI_EMP_A(1.0),12/06/25 23:00:00,Annual,Total employment (resident population concept - LFS),Females,From 15 to 64 years,Percentage of total population,Portugal,2017,64.1,,
ESTAT:LFSI_EMP_A(1.0),12/06/25 23:00:00,Annual,Total employment (resident population concept - LFS),Females,From 15 to 64 years,Percentage of total population,Portugal,2018,66.3,,
ESTAT:LFSI_EMP_A(1.0),12/06/25 23:00:00,Annual,Total employment (resident population concept - LFS),Females,From 15 to 64 years,Percentage of total population,Portugal,2019,67.0,,
ESTAT:LFSI_EMP_A(1.0),12/06/25 23:00:00,Annual,Total employment (resident population concept - LFS),Females,From 15 to 64 years,Percentage of total population,Portugal,2020,66.0,,
ESTAT:LFSI_EMP_A(1.0),12/06/25 23:00:00,Annual,Total employment (resident population concept - LFS),Females,From 15 to 64 years,Percentage of total population,Portugal,2021,67.2,,
ESTAT:LFSI_EMP_A(1.0),12/06/25 23:00:00,Annual,Total employment (resident population concept - LFS),Females,From 15 to 64 years,Percentage of total population,Portugal,2022,68.9,,
ESTAT:LFSI_EMP_A(1.0),12/06/25 23:00:00,Annual,Total employment (resident population concept - LFS),Females,From 15 to 64 years,Percentage of total population,Portugal,2023,70.2,,
ESTAT:LFSI_EMP_A(1.0),12/06/25 23:00:00,Annual,Total employment (resident population concept - LFS),Females,From 15 to 64 years,Percentage of total population,Romania,2014,45.5,,
ESTAT:LFSI_EMP_A(1.0),12/06/25 23:00:00,Annual,Total employment (resident population concept - LFS),Females,From 15 to 64 years,Percentage of total population,Romania,2015,46.6,,
ESTAT:LFSI_EMP_A(1.0),12/06/25 23:00:00,Annual,Total employment (resident population concept - LFS),Females,From 15 to 64 years,Percentage of total population,Romania,2016,47.5,,
ESTAT:LFSI_EMP_A(1.0),12/06/25 23:00:00,Annual,Total employment (resident population concept - LFS),Females,From 15 to 64 years,Percentage of total population,Romania,2017,49.9,,
ESTAT:LFSI_EMP_A(1.0),12/06/25 23:00:00,Annual,Total employment (resident population concept - LFS),Females,From 15 to 64 years,Percentage of total population,Romania,2018,50.4,,
ESTAT:LFSI_EMP_A(1.0),12/06/25 23:00:00,Annual,Total employment (resident population concept - LFS),Females,From 15 to 64 years,Percentage of total population,Romania,2019,51.2,,
ESTAT:LFSI_EMP_A(1.0),12/06/25 23:00:00,Annual,Total employment (resident population concept - LFS),Females,From 15 to 64 years,Percentage of total population,Romania,2020,51.1,,
ESTAT:LFSI_EMP_A(1.0),12/06/25 23:00:00,Annual,Total employment (resident population concept - LFS),Females,From 15 to 64 years,Percentage of total population,Romania,2021,52.5,,
ESTAT:LFSI_EMP_A(1.0),12/06/25 23:00:00,Annual,Total employment (resident population concept - LFS),Females,From 15 to 64 years,Percentage of total population,Romania,2022,54.4,,
ESTAT:LFSI_EMP_A(1.0),12/06/25 23:00:00,Annual,Total employment (resident population concept - LFS),Females,From 15 to 64 years,Percentage of total population,Romania,2023,54.3,,
ESTAT:LFSI_EMP_A(1.0),12/06/25 23:00:00,Annual,Total employment (resident population concept - LFS),Females,From 15 to 64 years,Percentage of total population,Serbia,2014,43.0,,
ESTAT:LFSI_EMP_A(1.0),12/06/25 23:00:00,Annual,Total employment (resident population concept - LFS),Females,From 15 to 64 years,Percentage of total population,Serbia,2015,44.1,,
ESTAT:LFSI_EMP_A(1.0),12/06/25 23:00:00,Annual,Total employment (resident population concept - LFS),Females,From 15 to 64 years,Percentage of total population,Serbia,2016,47.5,,
ESTAT:LFSI_EMP_A(1.0),12/06/25 23:00:00,Annual,Total employment (resident population concept - LFS),Females,From 15 to 64 years,Percentage of total population,Serbia,2017,49.8,,
ESTAT:LFSI_EMP_A(1.0),12/06/25 23:00:00,Annual,Total employment (resident population concept - LFS),Females,From 15 to 64 years,Percentage of total population,Serbia,2018,51.2,,
ESTAT:LFSI_EMP_A(1.0),12/06/25 23:00:00,Annual,Total employment (resident population concept - LFS),Females,From 15 to 64 years,Percentage of total population,Serbia,2019,53.4,,
ESTAT:LFSI_EMP_A(1.0),12/06/25 23:00:00,Annual,Total employment (resident population concept - LFS),Females,From 15 to 64 years,Percentage of total population,Serbia,2020,54.1,,
ESTAT:LFSI_EMP_A(1.0),12/06/25 23:00:00,Annual,Total employment (resident population concept - LFS),Females,From 15 to 64 years,Percentage of total population,Serbia,2021,54.8,,
ESTAT:LFSI_EMP_A(1.0),12/06/25 23:00:00,Annual,Total employment (resident population concept - LFS),Females,From 15 to 64 years,Percentage of total population,Serbia,2022,57.4,,
ESTAT:LFSI_EMP_A(1.0),12/06/25 23:00:00,Annual,Total employment (resident population concept - LFS),Females,From 15 to 64 years,Percentage of total population,Serbia,2023,58.9,,
ESTAT:LFSI_EMP_A(1.0),12/06/25 23:00:00,Annual,Total employment (resident population concept - LFS),Females,From 15 to 64 years,Percentage of total population,Sweden,2014,72.7,,
ESTAT:LFSI_EMP_A(1.0),12/06/25 23:00:00,Annual,Total employment (resident population concept - LFS),Females,From 15 to 64 years,Percentage of total population,Sweden,2015,73.5,,
ESTAT:LFSI_EMP_A(1.0),12/06/25 23:00:00,Annual,Total employment (resident population concept - LFS),Females,From 15 to 64 years,Percentage of total population,Sweden,2016,74.3,,
ESTAT:LFSI_EMP_A(1.0),12/06/25 23:00:00,Annual,Total employment (resident population concept - LFS),Females,From 15 to 64 years,Percentage of total population,Sweden,2017,74.9,,
ESTAT:LFSI_EMP_A(1.0),12/06/25 23:00:00,Annual,Total employment (resident population concept - LFS),Females,From 15 to 64 years,Percentage of total population,Sweden,2018,75.4,,
ESTAT:LFSI_EMP_A(1.0),12/06/25 23:00:00,Annual,Total employment (resident population concept - LFS),Females,From 15 to 64 years,Percentage of total population,Sweden,2019,74.8,,
ESTAT:LFSI_EMP_A(1.0),12/06/25 23:00:00,Annual,Total employment (resident population concept - LFS),Females,From 15 to 64 years,Percentage of total population,Sweden,2020,72.8,,
ESTAT:LFSI_EMP_A(1.0),12/06/25 23:00:00,Annual,Total employment (resident population concept - LFS),Females,From 15 to 64 years,Percentage of total population,Sweden,2021,73.0,,
ESTAT:LFSI_EMP_A(1.0),12/06/25 23:00:00,Annual,Total employment (resident population concept - LFS),Females,From 15 to 64 years,Percentage of total population,Sweden,2022,74.6,,
ESTAT:LFSI_EMP_A(1.0),12/06/25 23:00:00,Annual,Total employment (resident population concept - LFS),Females,From 15 to 64 years,Percentage of total population,Sweden,2023,75.6,,
ESTAT:LFSI_EMP_A(1.0),12/06/25 23:00:00,Annual,Total employment (resident population concept - LFS),Females,From 15 to 64 years,Percentage of total population,Slovenia,2014,59.6,,
ESTAT:LFSI_EMP_A(1.0),12/06/25 23:00:00,Annual,Total employment (resident population concept - LFS),Females,From 15 to 64 years,Percentage of total population,Slovenia,2015,60.6,,
ESTAT:LFSI_EMP_A(1.0),12/06/25 23:00:00,Annual,Total employment (resident population concept - LFS),Females,From 15 to 64 years,Percentage of total population,Slovenia,2016,62.2,,
ESTAT:LFSI_EMP_A(1.0),12/06/25 23:00:00,Annual,Total employment (resident population concept - LFS),Females,From 15 to 64 years,Percentage of total population,Slovenia,2017,65.4,,
ESTAT:LFSI_EMP_A(1.0),12/06/25 23:00:00,Annual,Total employment (resident population concept - LFS),Females,From 15 to 64 years,Percentage of total population,Slovenia,2018,67.1,,
ESTAT:LFSI_EMP_A(1.0),12/06/25 23:00:00,Annual,Total employment (resident population concept - LFS),Females,From 15 to 64 years,Percentage of total population,Slovenia,2019,68.2,,
ESTAT:LFSI_EMP_A(1.0),12/06/25 23:00:00,Annual,Total employment (resident population concept - LFS),Females,From 15 to 64 years,Percentage of total population,Slovenia,2020,67.1,,
ESTAT:LFSI_EMP_A(1.0),12/06/25 23:00:00,Annual,Total employment (resident population concept - LFS),Females,From 15 to 64 years,Percentage of total population,Slovenia,2021,68.1,,
ESTAT:LFSI_EMP_A(1.0),12/06/25 23:00:00,Annual,Total employment (resident population concept - LFS),Females,From 15 to 64 years,Percentage of total population,Slovenia,2022,69.8,,
ESTAT:LFSI_EMP_A(1.0),12/06/25 23:00:00,Annual,Total employment (resident population concept - LFS),Females,From 15 to 64 years,Percentage of total population,Slovenia,2023,69.4,,
ESTAT:LFSI_EMP_A(1.0),12/06/25 23:00:00,Annual,Total employment (resident population concept - LFS),Females,From 15 to 64 years,Percentage of total population,Slovakia,2014,58.1,,
ESTAT:LFSI_EMP_A(1.0),12/06/25 23:00:00,Annual,Total employment (resident population concept - LFS),Females,From 15 to 64 years,Percentage of total population,Slovakia,2015,59.9,,
ESTAT:LFSI_EMP_A(1.0),12/06/25 23:00:00,Annual,Total employment (resident population concept - LFS),Females,From 15 to 64 years,Percentage of total population,Slovakia,2016,62.4,,
ESTAT:LFSI_EMP_A(1.0),12/06/25 23:00:00,Annual,Total employment (resident population concept - LFS),Females,From 15 to 64 years,Percentage of total population,Slovakia,2017,64.5,,
ESTAT:LFSI_EMP_A(1.0),12/06/25 23:00:00,Annual,Total employment (resident population concept - LFS),Females,From 15 to 64 years,Percentage of total population,Slovakia,2018,65.5,,
ESTAT:LFSI_EMP_A(1.0),12/06/25 23:00:00,Annual,Total employment (resident population concept - LFS),Females,From 15 to 64 years,Percentage of total population,Slovakia,2019,66.8,,
ESTAT:LFSI_EMP_A(1.0),12/06/25 23:00:00,Annual,Total employment (resident population concept - LFS),Females,From 15 to 64 years,Percentage of total population,Slovakia,2020,66.1,,
ESTAT:LFSI_EMP_A(1.0),12/06/25 23:00:00,Annual,Total employment (resident population concept - LFS),Females,From 15 to 64 years,Percentage of total population,Slovakia,2021,65.6,,
ESTAT:LFSI_EMP_A(1.0),12/06/25 23:00:00,Annual,Total employment (resident population concept - LFS),Females,From 15 to 64 years,Percentage of total population,Slovakia,2022,67.6,,
ESTAT:LFSI_EMP_A(1.0),12/06/25 23:00:00,Annual,Total employment (resident population concept - LFS),Females,From 15 to 64 years,Percentage of total population,Slovakia,2023,68.4,,
ESTAT:LFSI_EMP_A(1.0),12/06/25 23:00:00,Annual,Total employment (resident population concept - LFS),Females,From 15 to 64 years,Percentage of total population,Trkiye,2014,29.5,b,
ESTAT:LFSI_EMP_A(1.0),12/06/25 23:00:00,Annual,Total employment (resident population concept - LFS),Females,From 15 to 64 years,Percentage of total population,Trkiye,2015,30.4,,
ESTAT:LFSI_EMP_A(1.0),12/06/25 23:00:00,Annual,Total employment (resident population concept - LFS),Females,From 15 to 64 years,Percentage of total population,Trkiye,2016,31.2,,
ESTAT:LFSI_EMP_A(1.0),12/06/25 23:00:00,Annual,Total employment (resident population concept - LFS),Females,From 15 to 64 years,Percentage of total population,Trkiye,2017,32.2,,
ESTAT:LFSI_EMP_A(1.0),12/06/25 23:00:00,Annual,Total employment (resident population concept - LFS),Females,From 15 to 64 years,Percentage of total population,Trkiye,2018,32.9,,
ESTAT:LFSI_EMP_A(1.0),12/06/25 23:00:00,Annual,Total employment (resident population concept - LFS),Females,From 15 to 64 years,Percentage of total population,Trkiye,2019,32.2,,
ESTAT:LFSI_EMP_A(1.0),12/06/25 23:00:00,Annual,Total employment (resident population concept - LFS),Females,From 15 to 64 years,Percentage of total population,Trkiye,2020,29.7,,
ESTAT:LFSI_EMP_A(1.0),12/06/25 23:00:00,Annual,Total employment (resident population concept - LFS),Females,From 15 to 64 years,Percentage of total population,Trkiye,2021,31.8,b,
ESTAT:LFSI_EMP_A(1.0),12/06/25 23:00:00,Annual,Total employment (resident population concept - LFS),Females,From 15 to 64 years,Percentage of total population,Trkiye,2022,34.4,,
ESTAT:LFSI_EMP_A(1.0),12/06/25 23:00:00,Annual,Total employment (resident population concept - LFS),Females,From 15 to 64 years,Percentage of total population,Trkiye,2023,35.5,,
